Genus	pHAGD7_f2	pHAGD7_f3	pHAGD7_f7	pHAGD7_f8
Bacteria;AC1;AC1_cl;AC1_or;AC1_fa;AC1_ge	0	0	0	0
Bacteria;Acidobacteria;Acidobacteria;Acidobacteriales;Acidobacteriaceae_(Subgroup_1);Acidobacteriaceae_(Subgroup_1)_ge	0	0	5	0
Bacteria;Acidobacteria;Acidobacteria;Acidobacteriales;Acidobacteriaceae_(Subgroup_1);Acidobacteriaceae_(Subgroup_1)_unclassified	0	4	5	0
Bacteria;Acidobacteria;Acidobacteria;Acidobacteriales;Acidobacteriaceae_(Subgroup_1);Acidobacterium	1	0	0	8
Bacteria;Acidobacteria;Acidobacteria;Acidobacteriales;Acidobacteriaceae_(Subgroup_1);Bryocella	0	0	0	0
Bacteria;Acidobacteria;Acidobacteria;Acidobacteriales;Acidobacteriaceae_(Subgroup_1);Candidatus_Koribacter	2739	2172	1238	1815
Bacteria;Acidobacteria;Acidobacteria;Acidobacteriales;Acidobacteriaceae_(Subgroup_1);Edaphobacter	0	0	0	0
Bacteria;Acidobacteria;Acidobacteria;Acidobacteriales;Acidobacteriaceae_(Subgroup_1);Granulicella	15	0	0	0
Bacteria;Acidobacteria;Acidobacteria;Acidobacteriales;Acidobacteriaceae_(Subgroup_1);uncultured	2261	1725	1114	1870
Bacteria;Acidobacteria;Acidobacteria_unclassified;Acidobacteria_unclassified;Acidobacteria_unclassified;Acidobacteria_unclassified	0	0	0	0
Bacteria;Acidobacteria;Blastocatellia;Blastocatellales;Blastocatellaceae_(Subgroup_4);11-24	0	0	3	2
Bacteria;Acidobacteria;Blastocatellia;Blastocatellales;Blastocatellaceae_(Subgroup_4);Blastocatellaceae_(Subgroup_4)_unclassified	0	0	0	0
Bacteria;Acidobacteria;Blastocatellia;Blastocatellales;Blastocatellaceae_(Subgroup_4);DS-100	0	0	0	0
Bacteria;Acidobacteria;Blastocatellia;Blastocatellales;Blastocatellaceae_(Subgroup_4);RB41	0	0	0	0
Bacteria;Acidobacteria;Blastocatellia;Blastocatellales;Blastocatellaceae_(Subgroup_4);Tellurimicrobium	10	0	2	0
Bacteria;Acidobacteria;Blastocatellia;Blastocatellales;Blastocatellaceae_(Subgroup_4);uncultured	1	0	0	0
Bacteria;Acidobacteria;Holophagae;Holophagae_Incertae_Sedis;Unknown_Family;Thermoanaerobaculum	3	1	3	2
Bacteria;Acidobacteria;Holophagae;Holophagales;Holophagaceae;uncultured	0	0	0	0
Bacteria;Acidobacteria;Holophagae;Subgroup_10;ABS-19;ABS-19_ge	1	0	0	1
Bacteria;Acidobacteria;Holophagae;Subgroup_10;Sva0725;Sva0725_ge	15	0	0	0
Bacteria;Acidobacteria;Holophagae;Subgroup_23;Subgroup_23_fa;Subgroup_23_ge	0	0	0	0
Bacteria;Acidobacteria;Holophagae;Subgroup_7;Subgroup_7_fa;Subgroup_7_ge	11	0	3	8
Bacteria;Acidobacteria;Solibacteres;Solibacterales;Solibacteraceae_(Subgroup_3);AKIW659	495	309	306	415
Bacteria;Acidobacteria;Solibacteres;Solibacterales;Solibacteraceae_(Subgroup_3);Bryobacter	736	503	437	997
Bacteria;Acidobacteria;Solibacteres;Solibacterales;Solibacteraceae_(Subgroup_3);Candidatus_Solibacter	1229	1032	714	1281
Bacteria;Acidobacteria;Solibacteres;Solibacterales;Solibacteraceae_(Subgroup_3);GOUTB8	0	0	0	1
Bacteria;Acidobacteria;Solibacteres;Solibacterales;Solibacteraceae_(Subgroup_3);Paludibaculum	17	11	8	67
Bacteria;Acidobacteria;Solibacteres;Solibacterales;Solibacteraceae_(Subgroup_3);PAUC26f	0	0	0	0
Bacteria;Acidobacteria;Solibacteres;Solibacterales;Solibacteraceae_(Subgroup_3);Solibacteraceae_(Subgroup_3)_unclassified	4	2	5	6
Bacteria;Acidobacteria;Subgroup_11;Subgroup_11_or;Subgroup_11_fa;Subgroup_11_ge	0	0	0	0
Bacteria;Acidobacteria;Subgroup_12;Subgroup_12_or;Subgroup_12_fa;Subgroup_12_ge	6	15	12	3
Bacteria;Acidobacteria;Subgroup_13;Subgroup_13_or;Subgroup_13_fa;Subgroup_13_ge	1	0	0	0
Bacteria;Acidobacteria;Subgroup_15;Subgroup_15_or;Subgroup_15_fa;Subgroup_15_ge	0	6	1	4
Bacteria;Acidobacteria;Subgroup_17;Subgroup_17_or;Subgroup_17_fa;Subgroup_17_ge	20	39	1	32
Bacteria;Acidobacteria;Subgroup_18;Subgroup_18_or;Subgroup_18_fa;Subgroup_18_ge	542	385	233	354
Bacteria;Acidobacteria;Subgroup_2;Subgroup_2_or;Subgroup_2_fa;Subgroup_2_ge	0	0	0	1
Bacteria;Acidobacteria;Subgroup_20;Subgroup_20_or;Subgroup_20_fa;Subgroup_20_ge	0	0	1	0
Bacteria;Acidobacteria;Subgroup_21;Subgroup_21_or;Subgroup_21_fa;Subgroup_21_ge	53	60	10	27
Bacteria;Acidobacteria;Subgroup_22;Subgroup_22_or;Subgroup_22_fa;Subgroup_22_ge	0	0	0	1
Bacteria;Acidobacteria;Subgroup_25;Subgroup_25_or;Subgroup_25_fa;Subgroup_25_ge	2	0	1	0
Bacteria;Acidobacteria;Subgroup_5;Subgroup_5_or;Subgroup_5_fa;Subgroup_5_ge	73	43	22	51
Bacteria;Acidobacteria;Subgroup_6;Subgroup_6_or;Subgroup_6_fa;Subgroup_6_ge	580	498	272	382
Bacteria;Acidobacteria;Subgroup_6;Unknown_Order;Unknown_Family;Vicinamibacter	9	11	6	6
Bacteria;Actinobacteria;Acidimicrobiia;Acidimicrobiales;Acidimicrobiaceae;Acidimicrobiaceae_unclassified	1	0	1	1
Bacteria;Actinobacteria;Acidimicrobiia;Acidimicrobiales;Acidimicrobiaceae;CL500-29_marine_group	7	0	0	0
Bacteria;Actinobacteria;Acidimicrobiia;Acidimicrobiales;Acidimicrobiaceae;Ilumatobacter	0	0	0	0
Bacteria;Actinobacteria;Acidimicrobiia;Acidimicrobiales;Acidimicrobiaceae;uncultured	12	44	2	2
Bacteria;Actinobacteria;Acidimicrobiia;Acidimicrobiales;Acidimicrobiales_Incertae_Sedis;Aciditerrimonas	6	7	1	0
Bacteria;Actinobacteria;Acidimicrobiia;Acidimicrobiales;Acidimicrobiales_Incertae_Sedis;Candidatus_Microthrix	1	2	4	0
Bacteria;Actinobacteria;Acidimicrobiia;Acidimicrobiales;Acidimicrobiales_unclassified;Acidimicrobiales_unclassified	1	4	4	2
Bacteria;Actinobacteria;Acidimicrobiia;Acidimicrobiales;Iamiaceae;Iamia	3	3	0	2
Bacteria;Actinobacteria;Acidimicrobiia;Acidimicrobiales;uncultured;uncultured_ge	94	90	27	34
Bacteria;Actinobacteria;Actinobacteria;Actinobacteria_unclassified;Actinobacteria_unclassified;Actinobacteria_unclassified	12	28	14	16
Bacteria;Actinobacteria;Actinobacteria;Actinomycetales;Actinomycetaceae;Actinomyces	0	0	0	0
Bacteria;Actinobacteria;Actinobacteria;Catenulisporales;Catenulisporaceae;Catenulispora	0	0	0	0
Bacteria;Actinobacteria;Actinobacteria;Corynebacteriales;Corynebacteriaceae;Corynebacterium	0	0	0	0
Bacteria;Actinobacteria;Actinobacteria;Corynebacteriales;Corynebacteriaceae;Corynebacterium_1	1	1	0	0
Bacteria;Actinobacteria;Actinobacteria;Corynebacteriales;Mycobacteriaceae;Mycobacterium	39	29	5	18
Bacteria;Actinobacteria;Actinobacteria;Corynebacteriales;Nocardiaceae;Nocardia	0	7	1	0
Bacteria;Actinobacteria;Actinobacteria;Corynebacteriales;Nocardiaceae;Rhodococcus	0	0	0	0
Bacteria;Actinobacteria;Actinobacteria;Corynebacteriales;Nocardiaceae;Williamsia	0	0	0	0
Bacteria;Actinobacteria;Actinobacteria;Frankiales;Acidothermaceae;Acidothermus	1	0	0	1
Bacteria;Actinobacteria;Actinobacteria;Frankiales;Cryptosporangiaceae;Fodinicola	0	0	0	0
Bacteria;Actinobacteria;Actinobacteria;Frankiales;Frankiaceae;Jatrophihabitans	27	0	3	1
Bacteria;Actinobacteria;Actinobacteria;Frankiales;Frankiales_unclassified;Frankiales_unclassified	72	56	40	72
Bacteria;Actinobacteria;Actinobacteria;Frankiales;Geodermatophilaceae;Blastococcus	36	8	11	9
Bacteria;Actinobacteria;Actinobacteria;Frankiales;Geodermatophilaceae;Geodermatophilus	64	47	27	81
Bacteria;Actinobacteria;Actinobacteria;Frankiales;Nakamurellaceae;Nakamurella	3	1	1	0
Bacteria;Actinobacteria;Actinobacteria;Frankiales;Sporichthyaceae;Sporichthya	0	0	0	0
Bacteria;Actinobacteria;Actinobacteria;Frankiales;Sporichthyaceae;uncultured	5	3	1	2
Bacteria;Actinobacteria;Actinobacteria;Frankiales;uncultured;uncultured_ge	14	14	7	24
Bacteria;Actinobacteria;Actinobacteria;Kineosporiales;Kineosporiaceae;Angustibacter	4	8	5	2
Bacteria;Actinobacteria;Actinobacteria;Kineosporiales;Kineosporiaceae;Quadrisphaera	176	90	41	52
Bacteria;Actinobacteria;Actinobacteria;Micrococcales;Brevibacteriaceae;Brevibacterium	0	0	0	0
Bacteria;Actinobacteria;Actinobacteria;Micrococcales;Cellulomonadaceae;Actinotalea	1	1	2	1
Bacteria;Actinobacteria;Actinobacteria;Micrococcales;Cellulomonadaceae;Cellulomonas	0	0	0	0
Bacteria;Actinobacteria;Actinobacteria;Micrococcales;Dermacoccaceae;Kytococcus	0	0	0	0
Bacteria;Actinobacteria;Actinobacteria;Micrococcales;Intrasporangiaceae;Janibacter	117	130	81	178
Bacteria;Actinobacteria;Actinobacteria;Micrococcales;Intrasporangiaceae;Oryzihumus	14	43	5	5
Bacteria;Actinobacteria;Actinobacteria;Micrococcales;Intrasporangiaceae;Phycicoccus	24	3	7	10
Bacteria;Actinobacteria;Actinobacteria;Micrococcales;Intrasporangiaceae;Terrabacter	27	2	6	15
Bacteria;Actinobacteria;Actinobacteria;Micrococcales;Intrasporangiaceae;Tetrasphaera	11	40	7	29
Bacteria;Actinobacteria;Actinobacteria;Micrococcales;Microbacteriaceae;Agromyces	1	10	0	0
Bacteria;Actinobacteria;Actinobacteria;Micrococcales;Microbacteriaceae;Cryobacterium	1	1	0	24
Bacteria;Actinobacteria;Actinobacteria;Micrococcales;Microbacteriaceae;Gryllotalpicola	0	0	0	0
Bacteria;Actinobacteria;Actinobacteria;Micrococcales;Microbacteriaceae;Lysinimonas	0	0	0	0
Bacteria;Actinobacteria;Actinobacteria;Micrococcales;Micrococcaceae;Micrococcus	27	18	0	1
Bacteria;Actinobacteria;Actinobacteria;Micrococcales;Micrococcaceae;Pseudarthrobacter	91	11	4	15
Bacteria;Actinobacteria;Actinobacteria;Micrococcales;Micrococcaceae;Rothia	0	0	0	0
Bacteria;Actinobacteria;Actinobacteria;Micrococcales;Promicromonosporaceae;Promicromonospora	0	0	1	0
Bacteria;Actinobacteria;Actinobacteria;Micromonosporales;Micromonosporaceae;Actinoplanes	0	0	0	0
Bacteria;Actinobacteria;Actinobacteria;Micromonosporales;Micromonosporaceae;Catellatospora	6	32	12	10
Bacteria;Actinobacteria;Actinobacteria;Micromonosporales;Micromonosporaceae;Dactylosporangium	11	5	5	11
Bacteria;Actinobacteria;Actinobacteria;Micromonosporales;Micromonosporaceae;Hamadaea	0	0	0	0
Bacteria;Actinobacteria;Actinobacteria;Micromonosporales;Micromonosporaceae;Luedemannella	29	47	0	9
Bacteria;Actinobacteria;Actinobacteria;Micromonosporales;Micromonosporaceae;Micromonospora	4	7	9	4
Bacteria;Actinobacteria;Actinobacteria;Micromonosporales;Micromonosporaceae;Micromonosporaceae_unclassified	50	34	5	23
Bacteria;Actinobacteria;Actinobacteria;Micromonosporales;Micromonosporaceae;Planosporangium	27	2	1	0
Bacteria;Actinobacteria;Actinobacteria;Micromonosporales;Micromonosporaceae;uncultured	31	7	2	7
Bacteria;Actinobacteria;Actinobacteria;PeM15;PeM15_fa;PeM15_ge	0	0	0	0
Bacteria;Actinobacteria;Actinobacteria;Propionibacteriales;Nocardioidaceae;Aeromicrobium	9	0	6	9
Bacteria;Actinobacteria;Actinobacteria;Propionibacteriales;Nocardioidaceae;Kribbella	0	0	0	0
Bacteria;Actinobacteria;Actinobacteria;Propionibacteriales;Nocardioidaceae;Marmoricola	422	152	163	312
Bacteria;Actinobacteria;Actinobacteria;Propionibacteriales;Nocardioidaceae;Nocardioides	78	39	50	96
Bacteria;Actinobacteria;Actinobacteria;Pseudonocardiales;Pseudonocardiaceae;Actinomycetospora	0	4	0	0
Bacteria;Actinobacteria;Actinobacteria;Pseudonocardiales;Pseudonocardiaceae;Pseudonocardia	6	16	6	2
Bacteria;Actinobacteria;Actinobacteria;Streptomycetales;Streptomycetaceae;Streptomyces	217	138	67	131
Bacteria;Actinobacteria;Actinobacteria;Streptosporangiales;Streptosporangiaceae;Microbispora	0	0	0	0
Bacteria;Actinobacteria;Actinobacteria;Streptosporangiales;Streptosporangiaceae;Nonomuraea	0	0	0	0
Bacteria;Actinobacteria;Actinobacteria;Streptosporangiales;Streptosporangiaceae;Sphaerisporangium	0	0	0	0
Bacteria;Actinobacteria;Actinobacteria;Streptosporangiales;Streptosporangiaceae;Streptosporangium	0	1	0	0
Bacteria;Actinobacteria;Actinobacteria;Streptosporangiales;Thermomonosporaceae;Actinoallomurus	0	0	0	1
Bacteria;Actinobacteria;Actinobacteria;Streptosporangiales;Thermomonosporaceae;Actinocorallia	0	0	3	6
Bacteria;Actinobacteria;Actinobacteria;Streptosporangiales;Thermomonosporaceae;Actinomadura	2	1	4	1
Bacteria;Actinobacteria;Actinobacteria;Streptosporangiales;Thermomonosporaceae;Spirillospora	0	0	3	1
Bacteria;Actinobacteria;Actinobacteria_unclassified;Actinobacteria_unclassified;Actinobacteria_unclassified;Actinobacteria_unclassified	2	4	0	0
Bacteria;Actinobacteria;Coriobacteriia;Coriobacteriales;Coriobacteriaceae;Atopobium	1	0	0	0
Bacteria;Actinobacteria;Coriobacteriia;Coriobacteriales;Coriobacteriaceae;uncultured	585	326	248	400
Bacteria;Actinobacteria;KIST-JJY010;KIST-JJY010_or;KIST-JJY010_fa;KIST-JJY010_ge	0	0	0	0
Bacteria;Actinobacteria;MB-A2-108;MB-A2-108_or;MB-A2-108_fa;MB-A2-108_ge	2	5	7	24
Bacteria;Actinobacteria;OPB41;OPB41_or;OPB41_fa;OPB41_ge	3	0	0	0
Bacteria;Actinobacteria;Thermoleophilia;Gaiellales;Gaiellaceae;Gaiella	54	75	63	109
Bacteria;Actinobacteria;Thermoleophilia;Gaiellales;Gaiellales_unclassified;Gaiellales_unclassified	6	0	5	1
Bacteria;Actinobacteria;Thermoleophilia;Gaiellales;uncultured;uncultured_ge	240	144	134	304
Bacteria;Actinobacteria;Thermoleophilia;Solirubrobacterales;0319-6M6;0319-6M6_ge	17	16	13	30
Bacteria;Actinobacteria;Thermoleophilia;Solirubrobacterales;288-2;288-2_ge	0	0	0	0
Bacteria;Actinobacteria;Thermoleophilia;Solirubrobacterales;Conexibacteraceae;Conexibacter	0	0	0	0
Bacteria;Actinobacteria;Thermoleophilia;Solirubrobacterales;Elev-16S-1332;Elev-16S-1332_ge	90	29	35	30
Bacteria;Actinobacteria;Thermoleophilia;Solirubrobacterales;FFCH13075;FFCH13075_ge	0	0	0	1
Bacteria;Actinobacteria;Thermoleophilia;Solirubrobacterales;Gsoil-1167;Gsoil-1167_ge	95	18	37	56
Bacteria;Actinobacteria;Thermoleophilia;Solirubrobacterales;p35j06ok;p35j06ok_ge	2	5	6	3
Bacteria;Actinobacteria;Thermoleophilia;Solirubrobacterales;Parviterribacteraceae;Parviterribacter	44	12	19	66
Bacteria;Actinobacteria;Thermoleophilia;Solirubrobacterales;Patulibacteraceae;Patulibacter	1	0	3	0
Bacteria;Actinobacteria;Thermoleophilia;Solirubrobacterales;Solirubrobacteraceae;Solirubrobacter	43	12	26	40
Bacteria;Actinobacteria;Thermoleophilia;Solirubrobacterales;Solirubrobacterales_unclassified;Solirubrobacterales_unclassified	122	57	74	71
Bacteria;Actinobacteria;Thermoleophilia;Solirubrobacterales;TM146;TM146_ge	2	7	0	1
Bacteria;Actinobacteria;Thermoleophilia;Solirubrobacterales;uncultured;uncultured_ge	1	4	2	0
Bacteria;Actinobacteria;Thermoleophilia;Solirubrobacterales;YNPFFP1;YNPFFP1_ge	55	1	3	18
Bacteria;Actinobacteria;Thermoleophilia;Thermoleophilia_unclassified;Thermoleophilia_unclassified;Thermoleophilia_unclassified	0	0	1	1
Bacteria;Aminicenantes;Aminicenantes_cl;Aminicenantes_or;Aminicenantes_fa;Aminicenantes_ge	0	0	0	0
Bacteria;Armatimonadetes;Armatimonadetes_unclassified;Armatimonadetes_unclassified;Armatimonadetes_unclassified;Armatimonadetes_unclassified	0	0	0	0
Bacteria;Armatimonadetes;Armatimonadia;Armatimonadales;Armatimonadales_fa;Armatimonadales_ge	0	0	1	0
Bacteria;Armatimonadetes;Chthonomonadetes;Chthonomonadales;Chthonomonadaceae;Chthonomonas	11	0	1	0
Bacteria;Armatimonadetes;Chthonomonadetes;Chthonomonadales;Chthonomonadales_fa;Chthonomonadales_ge	87	94	57	63
Bacteria;Armatimonadetes;Fimbriimonadia;Fimbriimonadales;Fimbriimonadaceae;Fimbriimonadaceae_ge	3	0	2	0
Bacteria;Armatimonadetes;uncultured;uncultured_or;uncultured_fa;uncultured_ge	776	451	170	446
Bacteria;Bacteria_unclassified;Bacteria_unclassified;Bacteria_unclassified;Bacteria_unclassified;Bacteria_unclassified	669	548	179	395
Bacteria;Bacteroidetes;Bacteroidetes_unclassified;Bacteroidetes_unclassified;Bacteroidetes_unclassified;Bacteroidetes_unclassified	178	100	19	6
Bacteria;Bacteroidetes;Bacteroidetes_vadinHA17;Bacteroidetes_vadinHA17_or;Bacteroidetes_vadinHA17_fa;Bacteroidetes_vadinHA17_ge	3543	2159	589	725
Bacteria;Bacteroidetes;Bacteroidia;Bacteroidales;Bacteroidales_unclassified;Bacteroidales_unclassified	1	0	0	2
Bacteria;Bacteroidetes;Bacteroidia;Bacteroidales;Porphyromonadaceae;Paludibacter	0	0	0	0
Bacteria;Bacteroidetes;Bacteroidia;Bacteroidales;Porphyromonadaceae;Porphyromonas	0	0	0	0
Bacteria;Bacteroidetes;Bacteroidia;Bacteroidales;Porphyromonadaceae;uncultured	17	62	5	0
Bacteria;Bacteroidetes;Bacteroidia;Bacteroidales;Prevotellaceae;Alloprevotella	0	0	0	0
Bacteria;Bacteroidetes;Bacteroidia;Bacteroidales;Prevotellaceae;Prevotella	0	0	0	0
Bacteria;Bacteroidetes;Bacteroidia;Bacteroidales;Prevotellaceae;Prevotella_7	0	0	0	0
Bacteria;Bacteroidetes;Bacteroidia;Bacteroidales;Prolixibacteraceae;BSV13	280	158	20	63
Bacteria;Bacteroidetes;Cytophagia;Cytophagales;Cytophagaceae;Adhaeribacter	0	7	0	0
Bacteria;Bacteroidetes;Cytophagia;Cytophagales;Cytophagaceae;Cytophaga	0	0	0	0
Bacteria;Bacteroidetes;Cytophagia;Cytophagales;Cytophagaceae;Cytophagaceae_unclassified	0	0	0	0
Bacteria;Bacteroidetes;Cytophagia;Cytophagales;Cytophagaceae;Dyadobacter	0	0	0	0
Bacteria;Bacteroidetes;Cytophagia;Cytophagales;Cytophagaceae;Hymenobacter	18	4	2	0
Bacteria;Bacteroidetes;Cytophagia;Cytophagales;Cytophagaceae;Ohtaekwangia	0	0	0	0
Bacteria;Bacteroidetes;Cytophagia;Cytophagales;Cytophagaceae;Pontibacter	0	0	0	0
Bacteria;Bacteroidetes;Cytophagia;Cytophagales;Cytophagaceae;Spirosoma	0	0	0	0
Bacteria;Bacteroidetes;Cytophagia;Cytophagales;Cytophagaceae;Sporocytophaga	0	2	1	0
Bacteria;Bacteroidetes;Cytophagia;Cytophagales;Cytophagaceae;uncultured	0	0	0	0
Bacteria;Bacteroidetes;Cytophagia;Cytophagales;Flammeovirgaceae;Candidatus_Amoebophilus	0	0	2	1
Bacteria;Bacteroidetes;Cytophagia;Cytophagales;Flammeovirgaceae;Candidatus_Paenicardinium	1	2	0	0
Bacteria;Bacteroidetes;Flavobacteriia;Flavobacteriales;Flavobacteriaceae;Bergeyella	0	0	0	0
Bacteria;Bacteroidetes;Flavobacteriia;Flavobacteriales;Flavobacteriaceae;Chryseobacterium	0	0	0	0
Bacteria;Bacteroidetes;Flavobacteriia;Flavobacteriales;Flavobacteriaceae;Cloacibacterium	0	0	0	0
Bacteria;Bacteroidetes;Ika33;Ika33_or;Ika33_fa;Ika33_ge	0	0	0	0
Bacteria;Bacteroidetes;SB-5;SB-5_or;SB-5_fa;SB-5_ge	1662	1131	255	432
Bacteria;Bacteroidetes;Sphingobacteriia;Sphingobacteriales;AKYH767;AKYH767_ge	0	0	0	0
Bacteria;Bacteroidetes;Sphingobacteriia;Sphingobacteriales;Chitinophagaceae;Chitinophaga	0	0	0	0
Bacteria;Bacteroidetes;Sphingobacteriia;Sphingobacteriales;Chitinophagaceae;Chitinophagaceae_unclassified	0	0	0	0
Bacteria;Bacteroidetes;Sphingobacteriia;Sphingobacteriales;Chitinophagaceae;Ferruginibacter	0	0	0	1
Bacteria;Bacteroidetes;Sphingobacteriia;Sphingobacteriales;Chitinophagaceae;Flavihumibacter	0	0	0	0
Bacteria;Bacteroidetes;Sphingobacteriia;Sphingobacteriales;Chitinophagaceae;Flavisolibacter	25	16	6	14
Bacteria;Bacteroidetes;Sphingobacteriia;Sphingobacteriales;Chitinophagaceae;Flavitalea	0	0	0	0
Bacteria;Bacteroidetes;Sphingobacteriia;Sphingobacteriales;Chitinophagaceae;Niastella	0	0	0	0
Bacteria;Bacteroidetes;Sphingobacteriia;Sphingobacteriales;Chitinophagaceae;Parafilimonas	0	0	0	0
Bacteria;Bacteroidetes;Sphingobacteriia;Sphingobacteriales;Chitinophagaceae;Sediminibacterium	0	0	0	0
Bacteria;Bacteroidetes;Sphingobacteriia;Sphingobacteriales;Chitinophagaceae;Segetibacter	0	0	0	0
Bacteria;Bacteroidetes;Sphingobacteriia;Sphingobacteriales;Chitinophagaceae;Taibaiella	0	0	0	0
Bacteria;Bacteroidetes;Sphingobacteriia;Sphingobacteriales;Chitinophagaceae;Terrimonas	0	0	0	0
Bacteria;Bacteroidetes;Sphingobacteriia;Sphingobacteriales;Chitinophagaceae;uncultured	1	0	2	0
Bacteria;Bacteroidetes;Sphingobacteriia;Sphingobacteriales;env.OPS_17;env.OPS_17_ge	0	3	0	1
Bacteria;Bacteroidetes;Sphingobacteriia;Sphingobacteriales;Lentimicrobiaceae;Lentimicrobiaceae_ge	837	668	112	197
Bacteria;Bacteroidetes;Sphingobacteriia;Sphingobacteriales;Lentimicrobiaceae;Lentimicrobium	1537	916	195	355
Bacteria;Bacteroidetes;Sphingobacteriia;Sphingobacteriales;NS11-12_marine_group;NS11-12_marine_group_ge	0	0	0	0
Bacteria;Bacteroidetes;Sphingobacteriia;Sphingobacteriales;PHOS-HE51;PHOS-HE51_ge	0	0	0	0
Bacteria;Bacteroidetes;Sphingobacteriia;Sphingobacteriales;Saprospiraceae;uncultured	0	0	0	0
Bacteria;Bacteroidetes;Sphingobacteriia;Sphingobacteriales;Sphingobacteriaceae;Mucilaginibacter	0	0	0	0
Bacteria;Bacteroidetes;Sphingobacteriia;Sphingobacteriales;Sphingobacteriaceae;Nubsella	0	0	0	0
Bacteria;Bacteroidetes;Sphingobacteriia;Sphingobacteriales;Sphingobacteriaceae;Pedobacter	6	1	3	9
Bacteria;Bacteroidetes;Sphingobacteriia;Sphingobacteriales;Sphingobacteriaceae;Solitalea	0	0	0	0
Bacteria;Bacteroidetes;Sphingobacteriia;Sphingobacteriales;Sphingobacteriaceae;Sphingobacterium	0	0	0	0
Bacteria;Bacteroidetes;Sphingobacteriia;Sphingobacteriales;Sphingobacteriales_unclassified;Sphingobacteriales_unclassified	0	10	0	0
Bacteria;Bacteroidetes;Sphingobacteriia;Sphingobacteriales;uncultured;uncultured_ge	1	0	0	1
Bacteria;Bacteroidetes;WCHB1-32;WCHB1-32_or;WCHB1-32_fa;WCHB1-32_ge	153	53	37	47
Bacteria;BRC1;BRC1_cl;BRC1_or;BRC1_fa;BRC1_ge	863	541	339	339
Bacteria;Candidatus_Berkelbacteria;Candidatus_Berkelbacteria_cl;Candidatus_Berkelbacteria_or;Candidatus_Berkelbacteria_fa;Candidatus_Berkelbacteria_ge	8	2	0	4
Bacteria;Chlamydiae;Chlamydiae;Chlamydiales;Chlamydiales_Incertae_Sedis;Chlamydiales_Incertae_Sedis_unclassified	0	0	0	0
Bacteria;Chlamydiae;Chlamydiae;Chlamydiales;Chlamydiales_unclassified;Chlamydiales_unclassified	1	0	1	0
Bacteria;Chlamydiae;Chlamydiae;Chlamydiales;Parachlamydiaceae;Candidatus_Protochlamydia	0	0	0	0
Bacteria;Chlamydiae;Chlamydiae;Chlamydiales;Parachlamydiaceae;Neochlamydia	0	0	0	0
Bacteria;Chlamydiae;Chlamydiae;Chlamydiales;Parachlamydiaceae;Parachlamydiaceae_unclassified	0	0	0	0
Bacteria;Chlamydiae;Chlamydiae;Chlamydiales;Simkaniaceae;Simkaniaceae_unclassified	0	1	0	0
Bacteria;Chlamydiae;LD1-PA32;LD1-PA32_or;LD1-PA32_fa;LD1-PA32_ge	1	0	0	0
Bacteria;Chlorobi;Chlorobia;Chlorobiales;OPB56;OPB56_ge	314	299	79	211
Bacteria;Chlorobi;Chlorobia;Chlorobiales;SJA-28;SJA-28_ge	0	0	0	0
Bacteria;Chloroflexi;1-20;1-20_or;1-20_fa;1-20_ge	0	0	0	0
Bacteria;Chloroflexi;Anaerolineae;Anaerolineales;Anaerolineaceae;Anaerolinea	1158	751	313	373
Bacteria;Chloroflexi;Anaerolineae;Anaerolineales;Anaerolineaceae;Anaerolineaceae_UCG-001	6	24	1	1
Bacteria;Chloroflexi;Anaerolineae;Anaerolineales;Anaerolineaceae;Anaerolineaceae_unclassified	199	131	81	95
Bacteria;Chloroflexi;Anaerolineae;Anaerolineales;Anaerolineaceae;Leptolinea	28	34	4	47
Bacteria;Chloroflexi;Anaerolineae;Anaerolineales;Anaerolineaceae;Ornatilinea	5	14	7	16
Bacteria;Chloroflexi;Anaerolineae;Anaerolineales;Anaerolineaceae;uncultured	2184	1386	832	1372
Bacteria;Chloroflexi;Ardenticatenia;uncultured;uncultured_fa;uncultured_ge	0	10	1	0
Bacteria;Chloroflexi;C10-SB1A;C10-SB1A_or;C10-SB1A_fa;C10-SB1A_ge	0	0	0	0
Bacteria;Chloroflexi;Caldilineae;Caldilineales;Caldilineaceae;Caldilineaceae_unclassified	0	0	1	0
Bacteria;Chloroflexi;Caldilineae;Caldilineales;Caldilineaceae;Litorilinea	1	0	0	0
Bacteria;Chloroflexi;Caldilineae;Caldilineales;Caldilineaceae;uncultured	5	20	21	6
Bacteria;Chloroflexi;Chloroflexi_cl;Chloroflexi_or;Chloroflexi_fa;Chloroflexi_ge	0	0	0	5
Bacteria;Chloroflexi;Chloroflexi_unclassified;Chloroflexi_unclassified;Chloroflexi_unclassified;Chloroflexi_unclassified	232	323	90	171
Bacteria;Chloroflexi;Chloroflexia;Chloroflexales;Roseiflexaceae;Roseiflexus	26	10	5	5
Bacteria;Chloroflexi;Chloroflexia;Herpetosiphonales;Herpetosiphonaceae;Herpetosiphon	0	0	0	4
Bacteria;Chloroflexi;Dehalococcoidia;Dehalococcoidales;Dehalococcoidaceae;Dehalogenimonas	1	0	0	0
Bacteria;Chloroflexi;Dehalococcoidia;Dehalococcoidales;uncultured;uncultured_ge	13	14	4	12
Bacteria;Chloroflexi;Dehalococcoidia;Dehalococcoidia_or;Dehalococcoidia_fa;Dehalococcoidia_ge	10	3	6	8
Bacteria;Chloroflexi;Dehalococcoidia;Dehalococcoidia_unclassified;Dehalococcoidia_unclassified;Dehalococcoidia_unclassified	0	7	6	13
Bacteria;Chloroflexi;Dehalococcoidia;FW22;FW22_fa;FW22_ge	22	56	6	18
Bacteria;Chloroflexi;Dehalococcoidia;GIF3;GIF3_fa;GIF3_ge	0	0	0	0
Bacteria;Chloroflexi;Dehalococcoidia;vadinBA26;vadinBA26_fa;vadinBA26_ge	0	9	2	5
Bacteria;Chloroflexi;Gitt-GS-136;Gitt-GS-136_or;Gitt-GS-136_fa;Gitt-GS-136_ge	0	0	1	0
Bacteria;Chloroflexi;JG30-KF-CM66;JG30-KF-CM66_or;JG30-KF-CM66_fa;JG30-KF-CM66_ge	19	28	11	13
Bacteria;Chloroflexi;JG37-AG-4;JG37-AG-4_or;JG37-AG-4_fa;JG37-AG-4_ge	0	0	0	0
Bacteria;Chloroflexi;KD4-96;KD4-96_or;KD4-96_fa;KD4-96_ge	164	43	43	104
Bacteria;Chloroflexi;Ktedonobacteria;C0119;C0119_fa;C0119_ge	57	67	15	27
Bacteria;Chloroflexi;Ktedonobacteria;JG30-KF-AS9;JG30-KF-AS9_fa;JG30-KF-AS9_ge	45	17	8	1
Bacteria;Chloroflexi;Ktedonobacteria;Ktedonobacterales;1921-3;1921-3_ge	0	0	0	0
Bacteria;Chloroflexi;Ktedonobacteria;Ktedonobacterales;1959-1;1959-1_ge	1	0	0	1
Bacteria;Chloroflexi;Ktedonobacteria;Ktedonobacterales;FCPS473;FCPS473_ge	0	0	0	0
Bacteria;Chloroflexi;Ktedonobacteria;Ktedonobacterales;HSB_OF53-F07;HSB_OF53-F07_ge	0	0	1	1
Bacteria;Chloroflexi;Ktedonobacteria;Ktedonobacterales;Ktedonobacteraceae;Ktedonobacter	0	0	0	0
Bacteria;Chloroflexi;Ktedonobacteria;Ktedonobacterales;Ktedonobacteraceae;Ktedonobacteraceae_unclassified	0	0	1	0
Bacteria;Chloroflexi;Ktedonobacteria;Ktedonobacterales;Ktedonobacteraceae;uncultured	0	0	0	0
Bacteria;Chloroflexi;Ktedonobacteria;Ktedonobacterales;Ktedonobacterales_unclassified;Ktedonobacterales_unclassified	0	0	0	0
Bacteria;Chloroflexi;Ktedonobacteria;Ktedonobacterales;Thermosporotrichaceae;uncultured	0	0	0	0
Bacteria;Chloroflexi;Ktedonobacteria;Ktedonobacteria_unclassified;Ktedonobacteria_unclassified;Ktedonobacteria_unclassified	0	0	0	0
Bacteria;Chloroflexi;KZNMV-5-B42;KZNMV-5-B42_or;KZNMV-5-B42_fa;KZNMV-5-B42_ge	0	0	0	0
Bacteria;Chloroflexi;P2-11E;P2-11E_or;P2-11E_fa;P2-11E_ge	0	0	0	0
Bacteria;Chloroflexi;S085;S085_or;S085_fa;S085_ge	195	88	11	48
Bacteria;Chloroflexi;SBR2076;SBR2076_or;SBR2076_fa;SBR2076_ge	193	73	64	103
Bacteria;Chloroflexi;SHA-26;SHA-26_or;SHA-26_fa;SHA-26_ge	156	61	40	51
Bacteria;Chloroflexi;SJA-15;SJA-15_or;SJA-15_fa;SJA-15_ge	981	546	360	623
Bacteria;Chloroflexi;SJA-68;SJA-68_or;SJA-68_fa;SJA-68_ge	42	15	23	40
Bacteria;Chloroflexi;Thermomicrobia;AKYG1722;AKYG1722_fa;AKYG1722_ge	0	0	0	0
Bacteria;Chloroflexi;Thermomicrobia;JG30-KF-CM45;JG30-KF-CM45_fa;JG30-KF-CM45_ge	11	0	1	0
Bacteria;Chloroflexi;Thermomicrobia;Sphaerobacterales;Sphaerobacteraceae;Nitrolancea	0	0	0	0
Bacteria;Chloroflexi;Thermomicrobia;Sphaerobacterales;Sphaerobacteraceae;Sphaerobacter	0	0	0	0
Bacteria;Chloroflexi;TK10;TK10_or;TK10_fa;TK10_ge	147	129	34	75
Bacteria;Chloroflexi;uncultured;uncultured_or;uncultured_fa;uncultured_ge	44	19	33	56
Bacteria;Cloacimonetes;Cloacimonetes_unclassified;Cloacimonetes_unclassified;Cloacimonetes_unclassified;Cloacimonetes_unclassified	331	210	28	37
Bacteria;CPR2;CPR2_cl;CPR2_or;CPR2_fa;CPR2_ge	2	25	3	10
Bacteria;Cyanobacteria;Chloroplast;Chloroplast_or;Chloroplast_fa;Chloroplast_ge	6	17	4	6
Bacteria;Cyanobacteria;Cyanobacteria;Cyanobacteria_unclassified;Cyanobacteria_unclassified;Cyanobacteria_unclassified	77	50	30	39
Bacteria;Cyanobacteria;Cyanobacteria;SubsectionI;FamilyI;FamilyI_ge	0	0	0	0
Bacteria;Cyanobacteria;Cyanobacteria;SubsectionI;FamilyI;FamilyI_unclassified	0	4	0	1
Bacteria;Cyanobacteria;Cyanobacteria;SubsectionI;FamilyI;Merismopedia	0	0	0	0
Bacteria;Cyanobacteria;Cyanobacteria;SubsectionII;FamilyII;Chroococcidiopsis	0	0	0	0
Bacteria;Cyanobacteria;Cyanobacteria;SubsectionIII;FamilyI;FamilyI_unclassified	0	0	0	0
Bacteria;Cyanobacteria;Cyanobacteria;SubsectionIII;FamilyI;Leptolyngbya	0	0	0	0
Bacteria;Cyanobacteria;Cyanobacteria;SubsectionIII;FamilyI;uncultured	0	0	0	0
Bacteria;Cyanobacteria;Cyanobacteria;SubsectionIV;FamilyI;Anabaena	9	42	7	12
Bacteria;Cyanobacteria;Cyanobacteria;SubsectionIV;FamilyI;Aphanizomenon	0	2	2	4
Bacteria;Cyanobacteria;Cyanobacteria;SubsectionIV;FamilyI;FamilyI_ge	58	52	22	8
Bacteria;Cyanobacteria;Cyanobacteria;SubsectionIV;FamilyI;FamilyI_unclassified	91	37	70	138
Bacteria;Cyanobacteria;Cyanobacteria;SubsectionIV;FamilyI;Gloeotrichia	1	3	0	0
Bacteria;Cyanobacteria;Cyanobacteria;SubsectionIV;FamilyI;Nostoc	66	14	6	15
Bacteria;Cyanobacteria;Cyanobacteria;SubsectionV;FamilyI;FamilyI_ge	9	16	4	4
Bacteria;Cyanobacteria;Cyanobacteria_unclassified;Cyanobacteria_unclassified;Cyanobacteria_unclassified;Cyanobacteria_unclassified	0	0	0	0
Bacteria;Cyanobacteria;Melainabacteria;Gastranaerophilales;Gastranaerophilales_fa;Gastranaerophilales_ge	122	78	37	43
Bacteria;Cyanobacteria;Melainabacteria;Melainabacteria_unclassified;Melainabacteria_unclassified;Melainabacteria_unclassified	0	0	0	1
Bacteria;Cyanobacteria;Melainabacteria;Obscuribacterales;Obscuribacterales_fa;Obscuribacterales_ge	0	0	0	0
Bacteria;Cyanobacteria;Melainabacteria;Vampirovibrionales;Vampirovibrionales_fa;Vampirovibrionales_ge	0	1	2	0
Bacteria;Cyanobacteria;ML635J-21;ML635J-21_or;ML635J-21_fa;ML635J-21_ge	148	94	66	48
Bacteria;Deferribacteres;Deferribacteres_Incertae_Sedis;Unknown_Order;Unknown_Family;Caldithrix	0	1	0	0
Bacteria;Deinococcus-Thermus;Deinococci;Deinococcales;Deinococcaceae;Deinococcus	0	0	0	0
Bacteria;Deinococcus-Thermus;Deinococci;Deinococcales;Deinococcaceae;uncultured	6	0	0	11
Bacteria;Deinococcus-Thermus;Deinococci;KD3-62;KD3-62_fa;KD3-62_ge	251	178	107	146
Bacteria;Elusimicrobia;Elusimicrobia;4-29;4-29_fa;4-29_ge	175	118	9	12
Bacteria;Elusimicrobia;Elusimicrobia;Elusimicrobia_unclassified;Elusimicrobia_unclassified;Elusimicrobia_unclassified	0	0	0	4
Bacteria;Elusimicrobia;Elusimicrobia;Lineage_I;Unknown_Family;Candidatus_Endomicrobium	1844	1413	173	225
Bacteria;Elusimicrobia;Elusimicrobia;Lineage_IIa;Lineage_IIa_fa;Lineage_IIa_ge	0	0	1	0
Bacteria;Elusimicrobia;Elusimicrobia;Lineage_IIb;Lineage_IIb_fa;Lineage_IIb_ge	8	0	1	1
Bacteria;Elusimicrobia;Elusimicrobia;Lineage_IIc;Lineage_IIc_fa;Lineage_IIc_ge	10	23	14	11
Bacteria;Elusimicrobia;Elusimicrobia;Lineage_IV;Lineage_IV_fa;Lineage_IV_ge	0	1	0	5
Bacteria;Elusimicrobia;Elusimicrobia;MD2894-B20;MD2894-B20_fa;MD2894-B20_ge	0	0	0	0
Bacteria;Elusimicrobia;Elusimicrobia;MVP-88;MVP-88_fa;MVP-88_ge	29	15	4	28
Bacteria;Elusimicrobia;Elusimicrobia;Rs-M47;Rs-M47_fa;Rs-M47_ge	0	1	0	0
Bacteria;FBP;FBP_cl;FBP_or;FBP_fa;FBP_ge	0	0	0	0
Bacteria;FCPU426;FCPU426_cl;FCPU426_or;FCPU426_fa;FCPU426_ge	14	53	5	20
Bacteria;Fibrobacteres;Chitinivibrionia;possible_order_07;possible_order_07_fa;possible_order_07_ge	203	97	27	71
Bacteria;Fibrobacteres;Chitinivibrionia;uncultured;uncultured_fa;uncultured_ge	3	6	0	13
Bacteria;Fibrobacteres;Fibrobacteres_unclassified;Fibrobacteres_unclassified;Fibrobacteres_unclassified;Fibrobacteres_unclassified	0	0	0	0
Bacteria;Fibrobacteres;Fibrobacteria;Fibrobacterales;09D2Z46;09D2Z46_ge	0	1	0	0
Bacteria;Fibrobacteres;Fibrobacteria;Fibrobacterales;B122;B122_ge	38	9	10	18
Bacteria;Fibrobacteres;Fibrobacteria;Fibrobacterales;Fibrobacteraceae;possible_genus_04	0	1	0	0
Bacteria;Fibrobacteres;Fibrobacteria;Fibrobacterales;Fibrobacteraceae;uncultured	0	0	0	0
Bacteria;Fibrobacteres;Fibrobacteria;Fibrobacterales;Fibrobacterales_unclassified;Fibrobacterales_unclassified	54	53	26	34
Bacteria;Fibrobacteres;Fibrobacteria;Fibrobacterales;MAT-CR-H6-H10;MAT-CR-H6-H10_ge	1	0	0	0
Bacteria;Fibrobacteres;Fibrobacteria;Fibrobacterales;possible_family_01;possible_family_01_ge	3286	2048	749	1044
Bacteria;Fibrobacteres;Fibrobacteria;Fibrobacterales;SBYC;SBYC_ge	0	0	0	0
Bacteria;Firmicutes;Bacilli;Bacillales;Alicyclobacillaceae;Acidibacillus	0	0	0	0
Bacteria;Firmicutes;Bacilli;Bacillales;Alicyclobacillaceae;Alicyclobacillaceae_unclassified	0	0	0	0
Bacteria;Firmicutes;Bacilli;Bacillales;Alicyclobacillaceae;Alicyclobacillus	0	1	0	1
Bacteria;Firmicutes;Bacilli;Bacillales;Alicyclobacillaceae;Effusibacillus	0	0	0	0
Bacteria;Firmicutes;Bacilli;Bacillales;Alicyclobacillaceae;Tumebacillus	12	5	10	57
Bacteria;Firmicutes;Bacilli;Bacillales;Bacillaceae;Bacillaceae_unclassified	199	67	97	100
Bacteria;Firmicutes;Bacilli;Bacillales;Bacillaceae;Bacillus	31	64	40	28
Bacteria;Firmicutes;Bacilli;Bacillales;Bacillaceae;Fictibacillus	0	0	6	1
Bacteria;Firmicutes;Bacilli;Bacillales;Bacillaceae;Geobacillus	118	92	82	173
Bacteria;Firmicutes;Bacilli;Bacillales;Bacillales_unclassified;Bacillales_unclassified	38	8	4	8
Bacteria;Firmicutes;Bacilli;Bacillales;Family_XI;Gemella	0	0	0	0
Bacteria;Firmicutes;Bacilli;Bacillales;Paenibacillaceae;Ammoniphilus	1	0	0	2
Bacteria;Firmicutes;Bacilli;Bacillales;Paenibacillaceae;Aneurinibacillus	365	150	40	65
Bacteria;Firmicutes;Bacilli;Bacillales;Paenibacillaceae;Brevibacillus	7	2	18	4
Bacteria;Firmicutes;Bacilli;Bacillales;Paenibacillaceae;Cohnella	0	5	0	0
Bacteria;Firmicutes;Bacilli;Bacillales;Paenibacillaceae;Oxalophagus	9	11	21	35
Bacteria;Firmicutes;Bacilli;Bacillales;Paenibacillaceae;Paenibacillaceae_unclassified	8	0	0	5
Bacteria;Firmicutes;Bacilli;Bacillales;Paenibacillaceae;Paenibacillus	90	104	23	40
Bacteria;Firmicutes;Bacilli;Bacillales;Paenibacillaceae;uncultured	0	0	0	0
Bacteria;Firmicutes;Bacilli;Bacillales;Pasteuriaceae;Pasteuria	12	0	0	0
Bacteria;Firmicutes;Bacilli;Bacillales;Planococcaceae;Chungangia	7	1	2	12
Bacteria;Firmicutes;Bacilli;Bacillales;Planococcaceae;Domibacillus	3	1	3	2
Bacteria;Firmicutes;Bacilli;Bacillales;Planococcaceae;Lysinibacillus	123	123	75	112
Bacteria;Firmicutes;Bacilli;Bacillales;Planococcaceae;Planococcaceae_ge	0	0	0	0
Bacteria;Firmicutes;Bacilli;Bacillales;Planococcaceae;Planococcaceae_unclassified	3916	2632	2325	4281
Bacteria;Firmicutes;Bacilli;Bacillales;Planococcaceae;Psychrobacillus	5	5	1	7
Bacteria;Firmicutes;Bacilli;Bacillales;Planococcaceae;Rummeliibacillus	0	0	1	0
Bacteria;Firmicutes;Bacilli;Bacillales;Planococcaceae;Solibacillus	0	0	0	1
Bacteria;Firmicutes;Bacilli;Bacillales;Planococcaceae;Sporosarcina	0	0	0	1
Bacteria;Firmicutes;Bacilli;Bacillales;Sporolactobacillaceae;Sporolactobacillaceae_unclassified	0	0	0	0
Bacteria;Firmicutes;Bacilli;Bacillales;Sporolactobacillaceae;Tuberibacillus	0	0	0	0
Bacteria;Firmicutes;Bacilli;Bacillales;Staphylococcaceae;Staphylococcus	3	15	0	2
Bacteria;Firmicutes;Bacilli;Bacillales;Thermoactinomycetaceae;Planifilum	0	0	0	0
Bacteria;Firmicutes;Bacilli;Bacillales;Thermoactinomycetaceae;Shimazuella	0	0	1	0
Bacteria;Firmicutes;Bacilli;Bacillales;Thermoactinomycetaceae;Thermoactinomyces	0	0	0	0
Bacteria;Firmicutes;Bacilli;Bacillales;Thermoactinomycetaceae;Thermoactinomycetaceae_unclassified	0	2	2	0
Bacteria;Firmicutes;Bacilli;Bacillales;Thermoactinomycetaceae;Thermoflavimicrobium	0	0	0	0
Bacteria;Firmicutes;Bacilli;Bacillales;Thermoactinomycetaceae;uncultured	0	0	0	0
Bacteria;Firmicutes;Bacilli;Bacilli_unclassified;Bacilli_unclassified;Bacilli_unclassified	0	0	0	0
Bacteria;Firmicutes;Bacilli;Lactobacillales;Aerococcaceae;Aerococcus	0	0	0	0
Bacteria;Firmicutes;Bacilli;Lactobacillales;Carnobacteriaceae;Granulicatella	0	0	0	0
Bacteria;Firmicutes;Bacilli;Lactobacillales;Lactobacillaceae;Lactobacillus	1	3	0	2
Bacteria;Firmicutes;Bacilli;Lactobacillales;Leuconostocaceae;Weissella	0	0	0	0
Bacteria;Firmicutes;Bacilli;Lactobacillales;Streptococcaceae;Lactococcus	0	0	0	0
Bacteria;Firmicutes;Bacilli;Lactobacillales;Streptococcaceae;Streptococcus	0	0	1	2
Bacteria;Firmicutes;Clostridia;B55-F-B-G02;B55-F-B-G02_fa;B55-F-B-G02_ge	45	158	50	116
Bacteria;Firmicutes;Clostridia;Clostridia_unclassified;Clostridia_unclassified;Clostridia_unclassified	309	174	135	210
Bacteria;Firmicutes;Clostridia;Clostridiales;Caldicoprobacteraceae;Caldicoprobacter	80	10	19	21
Bacteria;Firmicutes;Clostridia;Clostridiales;Christensenellaceae;Christensenellaceae_ge	0	0	0	1
Bacteria;Firmicutes;Clostridia;Clostridiales;Christensenellaceae;Christensenellaceae_R-7_group	2338	1344	439	570
Bacteria;Firmicutes;Clostridia;Clostridiales;Christensenellaceae;Christensenellaceae_unclassified	145	35	21	24
Bacteria;Firmicutes;Clostridia;Clostridiales;Christensenellaceae;uncultured	1307	818	401	618
Bacteria;Firmicutes;Clostridia;Clostridiales;Clostridiaceae_1;Anaerobacter	30	8	7	13
Bacteria;Firmicutes;Clostridia;Clostridiales;Clostridiaceae_1;Caloramator	0	0	0	0
Bacteria;Firmicutes;Clostridia;Clostridiales;Clostridiaceae_1;Candidatus_Arthromitus	0	0	0	0
Bacteria;Firmicutes;Clostridia;Clostridiales;Clostridiaceae_1;Clostridiaceae_1_unclassified	411	100	106	149
Bacteria;Firmicutes;Clostridia;Clostridiales;Clostridiaceae_1;Clostridium_sensu_stricto_1	1195	674	321	516
Bacteria;Firmicutes;Clostridia;Clostridiales;Clostridiaceae_1;Clostridium_sensu_stricto_10	3497	2119	1183	2304
Bacteria;Firmicutes;Clostridia;Clostridiales;Clostridiaceae_1;Clostridium_sensu_stricto_11	20	2	4	10
Bacteria;Firmicutes;Clostridia;Clostridiales;Clostridiaceae_1;Clostridium_sensu_stricto_12	783	397	190	540
Bacteria;Firmicutes;Clostridia;Clostridiales;Clostridiaceae_1;Clostridium_sensu_stricto_13	82	89	35	47
Bacteria;Firmicutes;Clostridia;Clostridiales;Clostridiaceae_1;Clostridium_sensu_stricto_14	0	0	0	0
Bacteria;Firmicutes;Clostridia;Clostridiales;Clostridiaceae_1;Clostridium_sensu_stricto_19	0	0	0	0
Bacteria;Firmicutes;Clostridia;Clostridiales;Clostridiaceae_1;Clostridium_sensu_stricto_2	0	0	0	0
Bacteria;Firmicutes;Clostridia;Clostridiales;Clostridiaceae_1;Clostridium_sensu_stricto_3	31	31	22	57
Bacteria;Firmicutes;Clostridia;Clostridiales;Clostridiaceae_1;Clostridium_sensu_stricto_5	781	388	217	379
Bacteria;Firmicutes;Clostridia;Clostridiales;Clostridiaceae_1;Clostridium_sensu_stricto_6	100	40	37	58
Bacteria;Firmicutes;Clostridia;Clostridiales;Clostridiaceae_1;Clostridium_sensu_stricto_7	29	19	7	49
Bacteria;Firmicutes;Clostridia;Clostridiales;Clostridiaceae_1;Clostridium_sensu_stricto_8	2264	1652	762	1242
Bacteria;Firmicutes;Clostridia;Clostridiales;Clostridiaceae_1;Clostridium_sensu_stricto_9	59	65	16	63
Bacteria;Firmicutes;Clostridia;Clostridiales;Clostridiaceae_1;Fonticella	652	352	124	173
Bacteria;Firmicutes;Clostridia;Clostridiales;Clostridiaceae_1;Oxobacter	1076	669	340	598
Bacteria;Firmicutes;Clostridia;Clostridiales;Clostridiaceae_1;uncultured	2	0	0	0
Bacteria;Firmicutes;Clostridia;Clostridiales;Clostridiales_unclassified;Clostridiales_unclassified	1235	1105	283	556
Bacteria;Firmicutes;Clostridia;Clostridiales;Clostridiales_vadinBB60_group;Clostridiales_vadinBB60_group_ge	37	57	12	7
Bacteria;Firmicutes;Clostridia;Clostridiales;Eubacteriaceae;Alkalibacter	0	0	0	0
Bacteria;Firmicutes;Clostridia;Clostridiales;Eubacteriaceae;Anaerofustis	3	0	0	0
Bacteria;Firmicutes;Clostridia;Clostridiales;Family_XI;Anaerococcus	0	0	0	0
Bacteria;Firmicutes;Clostridia;Clostridiales;Family_XI;Family_XI_ge	0	1	0	6
Bacteria;Firmicutes;Clostridia;Clostridiales;Family_XI;Finegoldia	0	0	0	0
Bacteria;Firmicutes;Clostridia;Clostridiales;Family_XI;Gallicola	0	0	0	0
Bacteria;Firmicutes;Clostridia;Clostridiales;Family_XI;Gottschalkia	0	0	0	0
Bacteria;Firmicutes;Clostridia;Clostridiales;Family_XI;Peptoniphilus	0	0	0	7
Bacteria;Firmicutes;Clostridia;Clostridiales;Family_XI;Sedimentibacter	7	50	7	10
Bacteria;Firmicutes;Clostridia;Clostridiales;Family_XIII;Family_XIII_UCG-002	0	0	0	0
Bacteria;Firmicutes;Clostridia;Clostridiales;Family_XIII;Family_XIII_unclassified	1	0	3	7
Bacteria;Firmicutes;Clostridia;Clostridiales;Family_XIII;uncultured	540	249	68	86
Bacteria;Firmicutes;Clostridia;Clostridiales;Family_XVI;Carboxydocella	126	21	7	24
Bacteria;Firmicutes;Clostridia;Clostridiales;Family_XVIII;Family_XVIII_unclassified	89	28	8	30
Bacteria;Firmicutes;Clostridia;Clostridiales;Family_XVIII;Symbiobacterium	1	14	1	2
Bacteria;Firmicutes;Clostridia;Clostridiales;Family_XVIII;uncultured	4405	2803	2029	3188
Bacteria;Firmicutes;Clostridia;Clostridiales;Gracilibacteraceae;Gracilibacter	284	189	74	132
Bacteria;Firmicutes;Clostridia;Clostridiales;Gracilibacteraceae;Gracilibacteraceae_unclassified	33	12	14	19
Bacteria;Firmicutes;Clostridia;Clostridiales;Gracilibacteraceae;Lutispora	8	59	6	35
Bacteria;Firmicutes;Clostridia;Clostridiales;Heliobacteriaceae;Heliobacteriaceae_ge	35	37	29	40
Bacteria;Firmicutes;Clostridia;Clostridiales;Heliobacteriaceae;Heliobacteriaceae_unclassified	1	1	3	20
Bacteria;Firmicutes;Clostridia;Clostridiales;Heliobacteriaceae;Heliorestis	0	0	0	0
Bacteria;Firmicutes;Clostridia;Clostridiales;Heliobacteriaceae;Hydrogenispora	890	777	231	477
Bacteria;Firmicutes;Clostridia;Clostridiales;Lachnospiraceae;Anaerosporobacter	193	107	36	59
Bacteria;Firmicutes;Clostridia;Clostridiales;Lachnospiraceae;Cellulosilyticum	0	0	0	0
Bacteria;Firmicutes;Clostridia;Clostridiales;Lachnospiraceae;Epulopiscium	0	0	0	0
Bacteria;Firmicutes;Clostridia;Clostridiales;Lachnospiraceae;Lachnoclostridium_12	0	0	0	0
Bacteria;Firmicutes;Clostridia;Clostridiales;Lachnospiraceae;Lachnoclostridium_5	0	0	1	0
Bacteria;Firmicutes;Clostridia;Clostridiales;Lachnospiraceae;Lachnospiraceae_ge	0	0	0	0
Bacteria;Firmicutes;Clostridia;Clostridiales;Lachnospiraceae;Lachnospiraceae_UCG-010	0	0	0	0
Bacteria;Firmicutes;Clostridia;Clostridiales;Lachnospiraceae;Lachnospiraceae_unclassified	88	165	28	73
Bacteria;Firmicutes;Clostridia;Clostridiales;Lachnospiraceae;Mobilitalea	1029	539	242	449
Bacteria;Firmicutes;Clostridia;Clostridiales;Lachnospiraceae;Natranaerovirga	5	6	9	4
Bacteria;Firmicutes;Clostridia;Clostridiales;Lachnospiraceae;Tyzzerella_3	0	0	0	0
Bacteria;Firmicutes;Clostridia;Clostridiales;Lachnospiraceae;Vallitalea	0	0	0	0
Bacteria;Firmicutes;Clostridia;Clostridiales;Peptococcaceae;Cryptanaerobacter	0	4	2	2
Bacteria;Firmicutes;Clostridia;Clostridiales;Peptococcaceae;Dehalobacter	28	5	7	9
Bacteria;Firmicutes;Clostridia;Clostridiales;Peptococcaceae;Dehalobacterium	0	4	1	1
Bacteria;Firmicutes;Clostridia;Clostridiales;Peptococcaceae;Desulfitibacter	3	3	1	3
Bacteria;Firmicutes;Clostridia;Clostridiales;Peptococcaceae;Desulfitobacterium	1141	792	412	691
Bacteria;Firmicutes;Clostridia;Clostridiales;Peptococcaceae;Desulfosporosinus	244	201	67	80
Bacteria;Firmicutes;Clostridia;Clostridiales;Peptococcaceae;Desulfotomaculum	554	459	297	462
Bacteria;Firmicutes;Clostridia;Clostridiales;Peptococcaceae;Desulfurispora	109	104	62	92
Bacteria;Firmicutes;Clostridia;Clostridiales;Peptococcaceae;Pelotomaculum	126	40	20	38
Bacteria;Firmicutes;Clostridia;Clostridiales;Peptococcaceae;Peptococcaceae_ge	20	4	1	0
Bacteria;Firmicutes;Clostridia;Clostridiales;Peptococcaceae;Peptococcaceae_unclassified	218	116	90	158
Bacteria;Firmicutes;Clostridia;Clostridiales;Peptococcaceae;Sporotomaculum	37	30	29	46
Bacteria;Firmicutes;Clostridia;Clostridiales;Peptococcaceae;Syntrophobotulus	0	2	1	0
Bacteria;Firmicutes;Clostridia;Clostridiales;Peptococcaceae;Thermincola	1	1	2	0
Bacteria;Firmicutes;Clostridia;Clostridiales;Peptococcaceae;uncultured	164	149	49	89
Bacteria;Firmicutes;Clostridia;Clostridiales;Peptostreptococcaceae;Paraclostridium	0	24	8	5
Bacteria;Firmicutes;Clostridia;Clostridiales;Peptostreptococcaceae;Sporacetigenium	3	1	12	11
Bacteria;Firmicutes;Clostridia;Clostridiales;Peptostreptococcaceae;Tepidibacter	0	0	0	0
Bacteria;Firmicutes;Clostridia;Clostridiales;Ruminococcaceae;Acetanaerobacterium	0	4	3	1
Bacteria;Firmicutes;Clostridia;Clostridiales;Ruminococcaceae;Acetivibrio	102	38	18	24
Bacteria;Firmicutes;Clostridia;Clostridiales;Ruminococcaceae;Anaerobacterium	2096	1227	316	672
Bacteria;Firmicutes;Clostridia;Clostridiales;Ruminococcaceae;Anaerotruncus	1	3	1	0
Bacteria;Firmicutes;Clostridia;Clostridiales;Ruminococcaceae;Candidatus_Soleaferrea	0	0	1	0
Bacteria;Firmicutes;Clostridia;Clostridiales;Ruminococcaceae;Caproiciproducens	47	12	1	8
Bacteria;Firmicutes;Clostridia;Clostridiales;Ruminococcaceae;Cellulosibacter	0	0	0	0
Bacteria;Firmicutes;Clostridia;Clostridiales;Ruminococcaceae;Ercella	0	0	0	3
Bacteria;Firmicutes;Clostridia;Clostridiales;Ruminococcaceae;Ethanoligenens	7	4	0	0
Bacteria;Firmicutes;Clostridia;Clostridiales;Ruminococcaceae;Hydrogenoanaerobacterium	0	0	0	0
Bacteria;Firmicutes;Clostridia;Clostridiales;Ruminococcaceae;Intestinimonas	1	3	0	1
Bacteria;Firmicutes;Clostridia;Clostridiales;Ruminococcaceae;Papillibacter	47	18	4	9
Bacteria;Firmicutes;Clostridia;Clostridiales;Ruminococcaceae;Pseudobacteroides	141	87	27	34
Bacteria;Firmicutes;Clostridia;Clostridiales;Ruminococcaceae;Ruminiclostridium	69	30	7	12
Bacteria;Firmicutes;Clostridia;Clostridiales;Ruminococcaceae;Ruminiclostridium_1	3045	1726	521	902
Bacteria;Firmicutes;Clostridia;Clostridiales;Ruminococcaceae;Ruminococcaceae_ge	0	0	0	0
Bacteria;Firmicutes;Clostridia;Clostridiales;Ruminococcaceae;Ruminococcaceae_NK4A214_group	0	3	1	1
Bacteria;Firmicutes;Clostridia;Clostridiales;Ruminococcaceae;Ruminococcaceae_UCG-005	0	0	0	0
Bacteria;Firmicutes;Clostridia;Clostridiales;Ruminococcaceae;Ruminococcaceae_UCG-007	56	41	8	1
Bacteria;Firmicutes;Clostridia;Clostridiales;Ruminococcaceae;Ruminococcaceae_UCG-008	0	0	0	0
Bacteria;Firmicutes;Clostridia;Clostridiales;Ruminococcaceae;Ruminococcaceae_UCG-009	19	4	3	1
Bacteria;Firmicutes;Clostridia;Clostridiales;Ruminococcaceae;Ruminococcaceae_UCG-010	104	106	24	92
Bacteria;Firmicutes;Clostridia;Clostridiales;Ruminococcaceae;Ruminococcaceae_UCG-011	1	1	0	0
Bacteria;Firmicutes;Clostridia;Clostridiales;Ruminococcaceae;Ruminococcaceae_UCG-012	3	2	3	0
Bacteria;Firmicutes;Clostridia;Clostridiales;Ruminococcaceae;Ruminococcaceae_UCG-013	27	7	11	11
Bacteria;Firmicutes;Clostridia;Clostridiales;Ruminococcaceae;Ruminococcaceae_UCG-014	3	6	1	1
Bacteria;Firmicutes;Clostridia;Clostridiales;Ruminococcaceae;Ruminococcaceae_unclassified	1435	758	243	432
Bacteria;Firmicutes;Clostridia;Clostridiales;Ruminococcaceae;Ruminococcaceae_V9D2013_group	0	1	0	0
Bacteria;Firmicutes;Clostridia;Clostridiales;Ruminococcaceae;Ruminococcus_1	10	21	4	7
Bacteria;Firmicutes;Clostridia;Clostridiales;Ruminococcaceae;Sporobacter	669	423	120	199
Bacteria;Firmicutes;Clostridia;Clostridiales;Ruminococcaceae;uncultured	85	16	16	15
Bacteria;Firmicutes;Clostridia;Clostridiales;Syntrophomonadaceae;Syntrophomonadaceae_ge	28	16	35	15
Bacteria;Firmicutes;Clostridia;Clostridiales;Syntrophomonadaceae;Syntrophomonadaceae_unclassified	68	112	15	19
Bacteria;Firmicutes;Clostridia;Clostridiales;Syntrophomonadaceae;Syntrophomonas	62	135	17	59
Bacteria;Firmicutes;Clostridia;Clostridiales;uncultured;uncultured_ge	0	6	0	0
Bacteria;Firmicutes;Clostridia;D8A-2;D8A-2_fa;D8A-2_ge	166	56	44	88
Bacteria;Firmicutes;Clostridia;Halanaerobiales;Halobacteroidaceae;uncultured	3	1	1	2
Bacteria;Firmicutes;Clostridia;Halanaerobiales;ODP1230B8.23;ODP1230B8.23_ge	0	23	0	3
Bacteria;Firmicutes;Clostridia;NRB23;NRB23_fa;NRB23_ge	0	1	2	4
Bacteria;Firmicutes;Clostridia;Thermoanaerobacterales;SRB2;SRB2_ge	0	0	0	0
Bacteria;Firmicutes;Clostridia;Thermoanaerobacterales;Thermoanaerobacteraceae;Gelria	384	299	156	180
Bacteria;Firmicutes;Erysipelotrichia;Erysipelotrichales;Erysipelotrichaceae;Erysipelatoclostridium	0	0	0	0
Bacteria;Firmicutes;Erysipelotrichia;Erysipelotrichales;Erysipelotrichaceae;uncultured	0	0	0	0
Bacteria;Firmicutes;Firmicutes_unclassified;Firmicutes_unclassified;Firmicutes_unclassified;Firmicutes_unclassified	298	225	70	144
Bacteria;Firmicutes;Limnochordia;Limnochordales;Limnochordaceae;Limnochordaceae_ge	463	358	203	586
Bacteria;Firmicutes;Negativicutes;Selenomonadales;uncultured;uncultured_ge	1	36	13	17
Bacteria;Firmicutes;Negativicutes;Selenomonadales;Veillonellaceae;Anaerosporomusa	8	1	0	0
Bacteria;Firmicutes;Negativicutes;Selenomonadales;Veillonellaceae;Pelosinus	0	0	0	0
Bacteria;Firmicutes;Negativicutes;Selenomonadales;Veillonellaceae;Selenomonas_3	0	0	1	0
Bacteria;Firmicutes;Negativicutes;Selenomonadales;Veillonellaceae;Sporomusa	57	27	2	1
Bacteria;Firmicutes;Negativicutes;Selenomonadales;Veillonellaceae;uncultured	67	83	27	39
Bacteria;Firmicutes;Negativicutes;Selenomonadales;Veillonellaceae;Veillonellaceae_unclassified	0	0	0	0
Bacteria;Fusobacteria;Fusobacteriia;Fusobacteriales;Fusobacteriaceae;Fusobacterium	0	0	0	0
Bacteria;GAL15;GAL15_cl;GAL15_or;GAL15_fa;GAL15_ge	0	0	0	0
Bacteria;Gemmatimonadetes;BD2-11_terrestrial_group;BD2-11_terrestrial_group_or;BD2-11_terrestrial_group_fa;BD2-11_terrestrial_group_ge	0	0	0	0
Bacteria;Gemmatimonadetes;Gemmatimonadetes;Gemmatimonadales;Gemmatimonadaceae;Gemmatimonadaceae_unclassified	0	0	0	0
Bacteria;Gemmatimonadetes;Gemmatimonadetes;Gemmatimonadales;Gemmatimonadaceae;Gemmatimonas	17	18	6	7
Bacteria;Gemmatimonadetes;Gemmatimonadetes;Gemmatimonadales;Gemmatimonadaceae;Gemmatirosa	15	1	0	2
Bacteria;Gemmatimonadetes;Gemmatimonadetes;Gemmatimonadales;Gemmatimonadaceae;uncultured	23	8	12	19
Bacteria;Gemmatimonadetes;Longimicrobia;Longimicrobiales;Longimicrobiaceae;Longimicrobiaceae_ge	0	0	0	0
Bacteria;Gemmatimonadetes;Longimicrobia;Longimicrobiales;Longimicrobiaceae;Longimicrobium	0	0	0	0
Bacteria;Gemmatimonadetes;S0134_terrestrial_group;S0134_terrestrial_group_or;S0134_terrestrial_group_fa;S0134_terrestrial_group_ge	35	0	1	2
Bacteria;Gracilibacteria;Gracilibacteria_cl;Gracilibacteria_or;Gracilibacteria_fa;Gracilibacteria_ge	0	0	0	0
Bacteria;Hydrogenedentes;Hydrogenedentes_cl;Hydrogenedentes_or;Hydrogenedentes_fa;Hydrogenedentes_ge	150	47	35	43
Bacteria;Hydrogenedentes;Hydrogenedentes_unclassified;Hydrogenedentes_unclassified;Hydrogenedentes_unclassified;Hydrogenedentes_unclassified	0	14	0	4
Bacteria;Ignavibacteriae;Ignavibacteria;Ignavibacteriales;BSV26;BSV26_ge	5	11	6	4
Bacteria;Ignavibacteriae;Ignavibacteria;Ignavibacteriales;BSV40;BSV40_ge	2369	1532	869	1516
Bacteria;Ignavibacteriae;Ignavibacteria;Ignavibacteriales;Ignavibacteriaceae;Ignavibacterium	7	3	6	40
Bacteria;Ignavibacteriae;Ignavibacteria;Ignavibacteriales;Ignavibacteriales_fa;Ignavibacteriales_ge	0	0	1	1
Bacteria;Ignavibacteriae;Ignavibacteria;Ignavibacteriales;Ignavibacteriales_unclassified;Ignavibacteriales_unclassified	1315	798	426	731
Bacteria;Ignavibacteriae;Ignavibacteria;Ignavibacteriales;IheB3-7;IheB3-7_ge	11	7	0	0
Bacteria;KSB3_(Modulibacteria);KSB3_(Modulibacteria)_cl;KSB3_(Modulibacteria)_or;KSB3_(Modulibacteria)_fa;KSB3_(Modulibacteria)_ge	6	3	0	0
Bacteria;Latescibacteria;Latescibacteria_cl;Latescibacteria_or;Latescibacteria_fa;Latescibacteria_ge	0	4	5	7
Bacteria;Latescibacteria;Latescibacteria_Incertae_Sedis;Unknown_Order;Unknown_Family;Candidatus_Latescibacter	282	110	65	92
Bacteria;Lentisphaerae;Lentisphaeria;Victivallales;PRD18C08;PRD18C08_ge	12	0	0	0
Bacteria;Lentisphaerae;Oligosphaeria;Oligosphaerales;MVP-94;MVP-94_ge	26	49	4	1
Bacteria;Microgenomates;Candidatus_Amesbacteria;Candidatus_Amesbacteria_or;Candidatus_Amesbacteria_fa;Candidatus_Amesbacteria_ge	0	0	0	0
Bacteria;Microgenomates;Candidatus_Woesebacteria;Candidatus_Woesebacteria_or;Candidatus_Woesebacteria_fa;Candidatus_Woesebacteria_ge	0	0	0	0
Bacteria;Nitrospirae;Nitrospira;Nitrospirales;0319-6A21;0319-6A21_ge	80	27	14	16
Bacteria;Nitrospirae;Nitrospira;Nitrospirales;FW13;FW13_ge	73	61	13	20
Bacteria;Nitrospirae;Nitrospira;Nitrospirales;Nitrospiraceae;Nitrospira	7	5	3	6
Bacteria;Nitrospirae;Nitrospira;Nitrospirales;Nitrospiraceae;Thermodesulfovibrio	0	0	0	0
Bacteria;Nitrospirae;Nitrospira;Nitrospirales;Nitrospiraceae;uncultured	13	5	1	13
Bacteria;Nitrospirae;Nitrospira;Nitrospirales;Sh765B-TzT-35;Sh765B-TzT-35_ge	109	94	92	185
Bacteria;Omnitrophica;Omnitrophica_cl;Omnitrophica_or;Omnitrophica_fa;Omnitrophica_ge	67	11	24	6
Bacteria;Omnitrophica;Omnitrophica_Incertae_Sedis;Unknown_Order;Unknown_Family;Candidatus_Omnitrophus	0	0	0	6
Bacteria;Parcubacteria;Candidatus_Azambacteria;Candidatus_Azambacteria_or;Candidatus_Azambacteria_fa;Candidatus_Azambacteria_ge	0	0	0	0
Bacteria;Parcubacteria;Candidatus_Falkowbacteria;Candidatus_Falkowbacteria_or;Candidatus_Falkowbacteria_fa;Candidatus_Falkowbacteria_ge	0	0	0	0
Bacteria;Parcubacteria;Candidatus_Jorgensenbacteria;Candidatus_Jorgensenbacteria_or;Candidatus_Jorgensenbacteria_fa;Candidatus_Jorgensenbacteria_ge	0	0	0	0
Bacteria;Parcubacteria;Candidatus_Moranbacteria;Candidatus_Moranbacteria_or;Candidatus_Moranbacteria_fa;Candidatus_Moranbacteria_ge	1	4	0	0
Bacteria;Parcubacteria;Parcubacteria_cl;Parcubacteria_or;Parcubacteria_fa;Parcubacteria_ge	2	0	0	0
Bacteria;Parcubacteria;Parcubacteria_unclassified;Parcubacteria_unclassified;Parcubacteria_unclassified;Parcubacteria_unclassified	0	0	0	0
Bacteria;PAUC34f;PAUC34f_cl;PAUC34f_or;PAUC34f_fa;PAUC34f_ge	2	3	3	1
Bacteria;Peregrinibacteria;Candidatus_Peribacteria;Candidatus_Peribacteria_or;Candidatus_Peribacteria_fa;Candidatus_Peribacteria_ge	0	0	0	0
Bacteria;Planctomycetes;BD7-11;BD7-11_or;BD7-11_fa;BD7-11_ge	8	0	0	3
Bacteria;Planctomycetes;MD2896-B258;MD2896-B258_or;MD2896-B258_fa;MD2896-B258_ge	0	0	0	0
Bacteria;Planctomycetes;OM190;OM190_or;OM190_fa;OM190_ge	0	0	0	0
Bacteria;Planctomycetes;Phycisphaerae;CCM11a;CCM11a_fa;CCM11a_ge	0	0	0	0
Bacteria;Planctomycetes;Phycisphaerae;CPla-3_termite_group;CPla-3_termite_group_fa;CPla-3_termite_group_ge	23	38	28	25
Bacteria;Planctomycetes;Phycisphaerae;KCLunmb-38-53;KCLunmb-38-53_fa;KCLunmb-38-53_ge	0	1	3	2
Bacteria;Planctomycetes;Phycisphaerae;mle1-8;mle1-8_fa;mle1-8_ge	8	11	10	9
Bacteria;Planctomycetes;Phycisphaerae;MSBL9;MSBL9_fa;MSBL9_ge	233	220	47	68
Bacteria;Planctomycetes;Phycisphaerae;ODP1230B30.09;ODP1230B30.09_fa;ODP1230B30.09_ge	0	0	1	4
Bacteria;Planctomycetes;Phycisphaerae;Phycisphaerae_unclassified;Phycisphaerae_unclassified;Phycisphaerae_unclassified	50	14	18	46
Bacteria;Planctomycetes;Phycisphaerae;Phycisphaerales;08D2Z94_hypersaline_microbial_mat_group;08D2Z94_hypersaline_microbial_mat_group_ge	25	10	3	5
Bacteria;Planctomycetes;Phycisphaerae;Phycisphaerales;AKAU3564_sediment_group;AKAU3564_sediment_group_ge	22	36	15	19
Bacteria;Planctomycetes;Phycisphaerae;Phycisphaerales;ODP1230B30.02_sediment_group;ODP1230B30.02_sediment_group_ge	3	4	13	4
Bacteria;Planctomycetes;Phycisphaerae;Phycisphaerales;Phycisphaeraceae;SM1A02	0	0	0	0
Bacteria;Planctomycetes;Phycisphaerae;Phycisphaerales;Phycisphaeraceae;uncultured	3	0	0	2
Bacteria;Planctomycetes;Phycisphaerae;Phycisphaerales;Phycisphaerales_fa;Phycisphaerales_ge	0	0	0	0
Bacteria;Planctomycetes;Phycisphaerae;Phycisphaerales;Phycisphaerales_unclassified;Phycisphaerales_unclassified	37	39	25	15
Bacteria;Planctomycetes;Phycisphaerae;Phycisphaerales;SBYZ-984;SBYZ-984_ge	4	1	2	9
Bacteria;Planctomycetes;Phycisphaerae;Pla1_lineage;Pla1_lineage_fa;Pla1_lineage_ge	48	28	37	50
Bacteria;Planctomycetes;Phycisphaerae;S15A-MN16;S15A-MN16_fa;S15A-MN16_ge	42	2	0	0
Bacteria;Planctomycetes;Phycisphaerae;SHA-43;SHA-43_fa;SHA-43_ge	1	5	2	0
Bacteria;Planctomycetes;Phycisphaerae;Tepidisphaerales;Tepidisphaeraceae;Tepidisphaeraceae_ge	190	157	81	116
Bacteria;Planctomycetes;Pla3_lineage;Pla3_lineage_or;Pla3_lineage_fa;Pla3_lineage_ge	51	11	26	20
Bacteria;Planctomycetes;Pla4_lineage;Pla4_lineage_or;Pla4_lineage_fa;Pla4_lineage_ge	4	30	28	9
Bacteria;Planctomycetes;Planctomycetacia;Planctomycetales;Planctomycetaceae;Candidatus_Anammoximicrobium	0	0	1	0
Bacteria;Planctomycetes;Planctomycetacia;Planctomycetales;Planctomycetaceae;Candidatus_Nostocoida	0	0	0	0
Bacteria;Planctomycetes;Planctomycetacia;Planctomycetales;Planctomycetaceae;Gemmata	1	4	5	1
Bacteria;Planctomycetes;Planctomycetacia;Planctomycetales;Planctomycetaceae;Isosphaera	60	7	7	6
Bacteria;Planctomycetes;Planctomycetacia;Planctomycetales;Planctomycetaceae;Pir1_lineage	0	0	1	0
Bacteria;Planctomycetes;Planctomycetacia;Planctomycetales;Planctomycetaceae;Pir2_lineage	18	2	2	2
Bacteria;Planctomycetes;Planctomycetacia;Planctomycetales;Planctomycetaceae;Pir3_lineage	6	0	0	0
Bacteria;Planctomycetes;Planctomycetacia;Planctomycetales;Planctomycetaceae;Pir4_lineage	59	78	20	37
Bacteria;Planctomycetes;Planctomycetacia;Planctomycetales;Planctomycetaceae;Pirellula	7	0	0	0
Bacteria;Planctomycetes;Planctomycetacia;Planctomycetales;Planctomycetaceae;Planctomyces	0	0	0	0
Bacteria;Planctomycetes;Planctomycetacia;Planctomycetales;Planctomycetaceae;Planctomycetaceae_unclassified	21	34	17	15
Bacteria;Planctomycetes;Planctomycetacia;Planctomycetales;Planctomycetaceae;Rhodopirellula	0	0	0	0
Bacteria;Planctomycetes;Planctomycetacia;Planctomycetales;Planctomycetaceae;Singulisphaera	3	11	1	0
Bacteria;Planctomycetes;Planctomycetacia;Planctomycetales;Planctomycetaceae;Thermogutta	0	0	0	0
Bacteria;Planctomycetes;Planctomycetacia;Planctomycetales;Planctomycetaceae;uncultured	72	84	33	53
Bacteria;Planctomycetes;Planctomycetacia;Planctomycetales;Planctomycetaceae;Zavarzinella	3	1	0	0
Bacteria;Planctomycetes;Planctomycetes_unclassified;Planctomycetes_unclassified;Planctomycetes_unclassified;Planctomycetes_unclassified	10	7	10	11
Bacteria;Planctomycetes;vadinHA49;vadinHA49_or;vadinHA49_fa;vadinHA49_ge	0	0	0	0
Bacteria;Proteobacteria;Alphaproteobacteria;Alphaproteobacteria_unclassified;Alphaproteobacteria_unclassified;Alphaproteobacteria_unclassified	0	0	0	1
Bacteria;Proteobacteria;Alphaproteobacteria;Caulobacterales;Caulobacteraceae;Asticcacaulis	0	0	0	0
Bacteria;Proteobacteria;Alphaproteobacteria;Caulobacterales;Caulobacteraceae;Brevundimonas	0	0	0	0
Bacteria;Proteobacteria;Alphaproteobacteria;Caulobacterales;Caulobacteraceae;Caulobacter	0	17	0	0
Bacteria;Proteobacteria;Alphaproteobacteria;Caulobacterales;Caulobacteraceae;Caulobacteraceae_ge	0	0	0	0
Bacteria;Proteobacteria;Alphaproteobacteria;Caulobacterales;Caulobacteraceae;Caulobacteraceae_unclassified	0	0	0	0
Bacteria;Proteobacteria;Alphaproteobacteria;Caulobacterales;Caulobacteraceae;Phenylobacterium	78	35	36	38
Bacteria;Proteobacteria;Alphaproteobacteria;Caulobacterales;Caulobacteraceae;uncultured	1	2	1	18
Bacteria;Proteobacteria;Alphaproteobacteria;Caulobacterales;Hyphomonadaceae;Hirschia	0	0	0	0
Bacteria;Proteobacteria;Alphaproteobacteria;Caulobacterales;Hyphomonadaceae;Woodsholea	0	0	0	1
Bacteria;Proteobacteria;Alphaproteobacteria;Rhizobiales;1174-901-12;1174-901-12_ge	0	0	0	0
Bacteria;Proteobacteria;Alphaproteobacteria;Rhizobiales;A0839;A0839_ge	0	0	0	0
Bacteria;Proteobacteria;Alphaproteobacteria;Rhizobiales;alphaI_cluster;alphaI_cluster_ge	3	21	17	9
Bacteria;Proteobacteria;Alphaproteobacteria;Rhizobiales;Aurantimonadaceae;Aurantimonas	0	0	0	0
Bacteria;Proteobacteria;Alphaproteobacteria;Rhizobiales;Aurantimonadaceae;Aureimonas	0	0	0	0
Bacteria;Proteobacteria;Alphaproteobacteria;Rhizobiales;Beijerinckiaceae;Methylorosula	0	0	1	1
Bacteria;Proteobacteria;Alphaproteobacteria;Rhizobiales;Bradyrhizobiaceae;Bosea	0	0	0	0
Bacteria;Proteobacteria;Alphaproteobacteria;Rhizobiales;Bradyrhizobiaceae;Bradyrhizobium	26	85	46	92
Bacteria;Proteobacteria;Alphaproteobacteria;Rhizobiales;Bradyrhizobiaceae;Rhodoblastus	5	0	4	12
Bacteria;Proteobacteria;Alphaproteobacteria;Rhizobiales;Bradyrhizobiaceae;Tardiphaga	1	0	0	20
Bacteria;Proteobacteria;Alphaproteobacteria;Rhizobiales;DUNssu044;DUNssu044_ge	8	1	0	18
Bacteria;Proteobacteria;Alphaproteobacteria;Rhizobiales;Hyphomicrobiaceae;Devosia	0	1	0	8
Bacteria;Proteobacteria;Alphaproteobacteria;Rhizobiales;Hyphomicrobiaceae;Hyphomicrobium	64	31	32	61
Bacteria;Proteobacteria;Alphaproteobacteria;Rhizobiales;Hyphomicrobiaceae;Pedomicrobium	1	5	2	16
Bacteria;Proteobacteria;Alphaproteobacteria;Rhizobiales;Hyphomicrobiaceae;Prosthecomicrobium	0	0	0	0
Bacteria;Proteobacteria;Alphaproteobacteria;Rhizobiales;Hyphomicrobiaceae;Rhodomicrobium	36	41	30	10
Bacteria;Proteobacteria;Alphaproteobacteria;Rhizobiales;Hyphomicrobiaceae;Rhodoplanes	11	1	0	6
Bacteria;Proteobacteria;Alphaproteobacteria;Rhizobiales;JG34-KF-361;JG34-KF-361_ge	0	0	1	0
Bacteria;Proteobacteria;Alphaproteobacteria;Rhizobiales;KF-JG30-B3;KF-JG30-B3_ge	9	1	0	5
Bacteria;Proteobacteria;Alphaproteobacteria;Rhizobiales;Methylobacteriaceae;Methylobacterium	47	20	33	15
Bacteria;Proteobacteria;Alphaproteobacteria;Rhizobiales;Methylobacteriaceae;Microvirga	91	44	23	65
Bacteria;Proteobacteria;Alphaproteobacteria;Rhizobiales;Methylocystaceae;Methylocystaceae_unclassified	0	0	0	0
Bacteria;Proteobacteria;Alphaproteobacteria;Rhizobiales;Methylocystaceae;Methylocystis	267	183	133	141
Bacteria;Proteobacteria;Alphaproteobacteria;Rhizobiales;Methylocystaceae;Pleomorphomonas	1	0	4	1
Bacteria;Proteobacteria;Alphaproteobacteria;Rhizobiales;MNG7;MNG7_ge	0	0	0	0
Bacteria;Proteobacteria;Alphaproteobacteria;Rhizobiales;Phyllobacteriaceae;Aminobacter	0	0	0	0
Bacteria;Proteobacteria;Alphaproteobacteria;Rhizobiales;Rhizobiaceae;Kaistia	0	0	0	0
Bacteria;Proteobacteria;Alphaproteobacteria;Rhizobiales;Rhizobiaceae;Rhizobium	0	0	0	0
Bacteria;Proteobacteria;Alphaproteobacteria;Rhizobiales;Rhizobiales_fa;Rhizobiales_ge	0	0	0	0
Bacteria;Proteobacteria;Alphaproteobacteria;Rhizobiales;Rhizobiales_Incertae_Sedis;Alsobacter	13	23	7	14
Bacteria;Proteobacteria;Alphaproteobacteria;Rhizobiales;Rhizobiales_Incertae_Sedis;Bauldia	0	3	0	0
Bacteria;Proteobacteria;Alphaproteobacteria;Rhizobiales;Rhizobiales_Incertae_Sedis;Nordella	0	0	0	0
Bacteria;Proteobacteria;Alphaproteobacteria;Rhizobiales;Rhizobiales_Incertae_Sedis;Rhizomicrobium	107	20	3	17
Bacteria;Proteobacteria;Alphaproteobacteria;Rhizobiales;Rhizobiales_unclassified;Rhizobiales_unclassified	3	16	10	11
Bacteria;Proteobacteria;Alphaproteobacteria;Rhizobiales;Rhodobiaceae;uncultured	116	151	57	143
Bacteria;Proteobacteria;Alphaproteobacteria;Rhizobiales;Roseiarcaceae;Roseiarcus	0	0	0	0
Bacteria;Proteobacteria;Alphaproteobacteria;Rhizobiales;Xanthobacteraceae;Labrys	0	0	0	1
Bacteria;Proteobacteria;Alphaproteobacteria;Rhizobiales;Xanthobacteraceae;Pseudolabrys	32	26	17	32
Bacteria;Proteobacteria;Alphaproteobacteria;Rhizobiales;Xanthobacteraceae;uncultured	116	60	59	100
Bacteria;Proteobacteria;Alphaproteobacteria;Rhizobiales;Xanthobacteraceae;Variibacter	9	1	10	22
Bacteria;Proteobacteria;Alphaproteobacteria;Rhizobiales;Xanthobacteraceae;Xanthobacteraceae_unclassified	6	0	9	8
Bacteria;Proteobacteria;Alphaproteobacteria;Rhodobacterales;Rhodobacteraceae;Cereibacter	0	0	0	0
Bacteria;Proteobacteria;Alphaproteobacteria;Rhodobacterales;Rhodobacteraceae;Paracoccus	1	0	1	0
Bacteria;Proteobacteria;Alphaproteobacteria;Rhodobacterales;Rhodobacteraceae;Rhodobacteraceae_unclassified	0	0	0	0
Bacteria;Proteobacteria;Alphaproteobacteria;Rhodobacterales;Rhodobacteraceae;Rubellimicrobium	0	2	0	0
Bacteria;Proteobacteria;Alphaproteobacteria;Rhodospirillales;Acetobacteraceae;Acetobacteraceae_unclassified	3	2	1	9
Bacteria;Proteobacteria;Alphaproteobacteria;Rhodospirillales;Acetobacteraceae;Acidicaldus	1	15	8	2
Bacteria;Proteobacteria;Alphaproteobacteria;Rhodospirillales;Acetobacteraceae;Acidiphilium	0	8	0	9
Bacteria;Proteobacteria;Alphaproteobacteria;Rhodospirillales;Acetobacteraceae;Acidisoma	0	0	0	0
Bacteria;Proteobacteria;Alphaproteobacteria;Rhodospirillales;Acetobacteraceae;Acidisphaera	5	0	0	0
Bacteria;Proteobacteria;Alphaproteobacteria;Rhodospirillales;Acetobacteraceae;Belnapia	168	34	17	29
Bacteria;Proteobacteria;Alphaproteobacteria;Rhodospirillales;Acetobacteraceae;Craurococcus	0	0	2	0
Bacteria;Proteobacteria;Alphaproteobacteria;Rhodospirillales;Acetobacteraceae;Paracraurococcus	0	0	0	0
Bacteria;Proteobacteria;Alphaproteobacteria;Rhodospirillales;Acetobacteraceae;Rhodovastum	0	0	0	0
Bacteria;Proteobacteria;Alphaproteobacteria;Rhodospirillales;Acetobacteraceae;Roseomonas	1	33	6	20
Bacteria;Proteobacteria;Alphaproteobacteria;Rhodospirillales;Acetobacteraceae;uncultured	25	1	3	6
Bacteria;Proteobacteria;Alphaproteobacteria;Rhodospirillales;DA111;DA111_ge	118	112	58	118
Bacteria;Proteobacteria;Alphaproteobacteria;Rhodospirillales;I-10;I-10_ge	13	3	5	8
Bacteria;Proteobacteria;Alphaproteobacteria;Rhodospirillales;JG37-AG-20;JG37-AG-20_ge	0	0	0	0
Bacteria;Proteobacteria;Alphaproteobacteria;Rhodospirillales;KCM-B-15;KCM-B-15_ge	3	0	0	0
Bacteria;Proteobacteria;Alphaproteobacteria;Rhodospirillales;KCM-B-60;KCM-B-60_ge	0	0	0	0
Bacteria;Proteobacteria;Alphaproteobacteria;Rhodospirillales;ML80;ML80_ge	3	5	0	0
Bacteria;Proteobacteria;Alphaproteobacteria;Rhodospirillales;MND8;MND8_ge	0	0	0	0
Bacteria;Proteobacteria;Alphaproteobacteria;Rhodospirillales;MSB-1E8;MSB-1E8_ge	0	0	0	0
Bacteria;Proteobacteria;Alphaproteobacteria;Rhodospirillales;Rhodospirillaceae;Azospirillum	0	1	0	0
Bacteria;Proteobacteria;Alphaproteobacteria;Rhodospirillales;Rhodospirillaceae;Defluviicoccus	1194	856	451	676
Bacteria;Proteobacteria;Alphaproteobacteria;Rhodospirillales;Rhodospirillaceae;Dongia	2	0	2	0
Bacteria;Proteobacteria;Alphaproteobacteria;Rhodospirillales;Rhodospirillaceae;Ferrovibrio	0	10	0	0
Bacteria;Proteobacteria;Alphaproteobacteria;Rhodospirillales;Rhodospirillaceae;Inquilinus	0	0	0	0
Bacteria;Proteobacteria;Alphaproteobacteria;Rhodospirillales;Rhodospirillaceae;Magnetospirillum	7	0	9	12
Bacteria;Proteobacteria;Alphaproteobacteria;Rhodospirillales;Rhodospirillaceae;Nitrospirillum	0	0	0	0
Bacteria;Proteobacteria;Alphaproteobacteria;Rhodospirillales;Rhodospirillaceae;Phaeospirillum	1	0	0	0
Bacteria;Proteobacteria;Alphaproteobacteria;Rhodospirillales;Rhodospirillaceae;Rhodospirillaceae_ge	0	0	0	0
Bacteria;Proteobacteria;Alphaproteobacteria;Rhodospirillales;Rhodospirillaceae;Rhodospirillaceae_unclassified	247	252	81	138
Bacteria;Proteobacteria;Alphaproteobacteria;Rhodospirillales;Rhodospirillaceae;Skermanella	168	76	32	46
Bacteria;Proteobacteria;Alphaproteobacteria;Rhodospirillales;Rhodospirillaceae;Telmatospirillum	0	1	2	0
Bacteria;Proteobacteria;Alphaproteobacteria;Rhodospirillales;Rhodospirillaceae;uncultured	46	18	2	9
Bacteria;Proteobacteria;Alphaproteobacteria;Rhodospirillales;Rhodospirillales_Incertae_Sedis;Candidatus_Alysiosphaera	1	0	6	0
Bacteria;Proteobacteria;Alphaproteobacteria;Rhodospirillales;Rhodospirillales_Incertae_Sedis;Geminicoccus	0	0	0	1
Bacteria;Proteobacteria;Alphaproteobacteria;Rhodospirillales;Rhodospirillales_Incertae_Sedis;Reyranella	0	8	6	1
Bacteria;Proteobacteria;Alphaproteobacteria;Rhodospirillales;Rhodospirillales_unclassified;Rhodospirillales_unclassified	67	67	21	43
Bacteria;Proteobacteria;Alphaproteobacteria;Rickettsiales;bac2nit3;bac2nit3_ge	0	0	1	2
Bacteria;Proteobacteria;Alphaproteobacteria;Rickettsiales;Holosporaceae;Holosporaceae_unclassified	0	0	0	0
Bacteria;Proteobacteria;Alphaproteobacteria;Rickettsiales;Holosporaceae;uncultured	0	0	0	0
Bacteria;Proteobacteria;Alphaproteobacteria;Rickettsiales;Mitochondria;Mitochondria_ge	0	0	0	0
Bacteria;Proteobacteria;Alphaproteobacteria;Rickettsiales;RB446;RB446_ge	0	0	0	0
Bacteria;Proteobacteria;Alphaproteobacteria;Rickettsiales;Rickettsiaceae;Rickettsiaceae_ge	0	0	0	0
Bacteria;Proteobacteria;Alphaproteobacteria;Rickettsiales;Rickettsiaceae;Rickettsiaceae_unclassified	1	0	0	1
Bacteria;Proteobacteria;Alphaproteobacteria;Rickettsiales;Rickettsiaceae;uncultured	0	0	0	0
Bacteria;Proteobacteria;Alphaproteobacteria;Rickettsiales;Rickettsiales_Incertae_Sedis;Candidatus_Hepatincola	0	0	0	0
Bacteria;Proteobacteria;Alphaproteobacteria;Rickettsiales;Rickettsiales_Incertae_Sedis;Candidatus_Odyssella	0	2	1	0
Bacteria;Proteobacteria;Alphaproteobacteria;Rickettsiales;Rickettsiales_Incertae_Sedis;uncultured	0	0	0	0
Bacteria;Proteobacteria;Alphaproteobacteria;Rickettsiales;Rickettsiales_unclassified;Rickettsiales_unclassified	0	0	0	0
Bacteria;Proteobacteria;Alphaproteobacteria;Rickettsiales;SM2D12;SM2D12_ge	0	0	0	1
Bacteria;Proteobacteria;Alphaproteobacteria;Rickettsiales;uncultured;uncultured_ge	0	0	0	0
Bacteria;Proteobacteria;Alphaproteobacteria;Sphingomonadales;7B-8;7B-8_ge	0	0	0	0
Bacteria;Proteobacteria;Alphaproteobacteria;Sphingomonadales;Ellin6055;Ellin6055_ge	0	0	0	1
Bacteria;Proteobacteria;Alphaproteobacteria;Sphingomonadales;Erythrobacteraceae;Altererythrobacter	0	0	0	0
Bacteria;Proteobacteria;Alphaproteobacteria;Sphingomonadales;Erythrobacteraceae;Erythrobacter	0	0	0	0
Bacteria;Proteobacteria;Alphaproteobacteria;Sphingomonadales;Erythrobacteraceae;Porphyrobacter	0	0	0	1
Bacteria;Proteobacteria;Alphaproteobacteria;Sphingomonadales;JG34-KF-161;JG34-KF-161_ge	0	0	2	4
Bacteria;Proteobacteria;Alphaproteobacteria;Sphingomonadales;Sphingomonadaceae;Novosphingobium	0	0	2	0
Bacteria;Proteobacteria;Alphaproteobacteria;Sphingomonadales;Sphingomonadaceae;Polymorphobacter	0	0	0	0
Bacteria;Proteobacteria;Alphaproteobacteria;Sphingomonadales;Sphingomonadaceae;Rhizorhapis	0	0	0	0
Bacteria;Proteobacteria;Alphaproteobacteria;Sphingomonadales;Sphingomonadaceae;Sphingobium	0	0	0	0
Bacteria;Proteobacteria;Alphaproteobacteria;Sphingomonadales;Sphingomonadaceae;Sphingomonas	141	95	57	81
Bacteria;Proteobacteria;Alphaproteobacteria;Sphingomonadales;Sphingomonadales_unclassified;Sphingomonadales_unclassified	2	0	0	0
Bacteria;Proteobacteria;Betaproteobacteria;B1-7BS;B1-7BS_fa;B1-7BS_ge	3	1	3	1
Bacteria;Proteobacteria;Betaproteobacteria;Betaproteobacteria_Incertae_Sedis;Unknown_Family;Chitinivorax	0	0	0	0
Bacteria;Proteobacteria;Betaproteobacteria;Betaproteobacteria_unclassified;Betaproteobacteria_unclassified;Betaproteobacteria_unclassified	1	0	0	0
Bacteria;Proteobacteria;Betaproteobacteria;Burkholderiales;Alcaligenaceae;Alcaligenaceae_unclassified	0	0	0	0
Bacteria;Proteobacteria;Betaproteobacteria;Burkholderiales;Alcaligenaceae;Paenalcaligenes	0	0	0	0
Bacteria;Proteobacteria;Betaproteobacteria;Burkholderiales;Alcaligenaceae;uncultured	35	15	3	18
Bacteria;Proteobacteria;Betaproteobacteria;Burkholderiales;Burkholderiaceae;Burkholderia-Paraburkholderia	0	0	0	0
Bacteria;Proteobacteria;Betaproteobacteria;Burkholderiales;Burkholderiaceae;Cupriavidus	0	0	0	0
Bacteria;Proteobacteria;Betaproteobacteria;Burkholderiales;Burkholderiaceae;Lautropia	0	0	0	0
Bacteria;Proteobacteria;Betaproteobacteria;Burkholderiales;Burkholderiaceae;Ralstonia	0	0	0	0
Bacteria;Proteobacteria;Betaproteobacteria;Burkholderiales;Burkholderiales_unclassified;Burkholderiales_unclassified	0	0	0	0
Bacteria;Proteobacteria;Betaproteobacteria;Burkholderiales;Comamonadaceae;Comamonadaceae_unclassified	77	10	10	7
Bacteria;Proteobacteria;Betaproteobacteria;Burkholderiales;Comamonadaceae;Comamonas	0	0	0	14
Bacteria;Proteobacteria;Betaproteobacteria;Burkholderiales;Comamonadaceae;Delftia	161	38	10	21
Bacteria;Proteobacteria;Betaproteobacteria;Burkholderiales;Comamonadaceae;Sphaerotilus	6	0	0	0
Bacteria;Proteobacteria;Betaproteobacteria;Burkholderiales;Comamonadaceae;Xenophilus	20	15	8	39
Bacteria;Proteobacteria;Betaproteobacteria;Burkholderiales;Oxalobacteraceae;Herminiimonas	0	2	1	0
Bacteria;Proteobacteria;Betaproteobacteria;Burkholderiales;Oxalobacteraceae;Massilia	162	85	16	22
Bacteria;Proteobacteria;Betaproteobacteria;Burkholderiales;Oxalobacteraceae;Noviherbaspirillum	0	1	0	0
Bacteria;Proteobacteria;Betaproteobacteria;Burkholderiales;Oxalobacteraceae;Oxalobacter	0	8	0	0
Bacteria;Proteobacteria;Betaproteobacteria;Burkholderiales;Oxalobacteraceae;Oxalobacteraceae_ge	59	6	2	4
Bacteria;Proteobacteria;Betaproteobacteria;Burkholderiales;Oxalobacteraceae;Oxalobacteraceae_unclassified	1	0	0	2
Bacteria;Proteobacteria;Betaproteobacteria;Burkholderiales;Oxalobacteraceae;Paucimonas	48	31	20	41
Bacteria;Proteobacteria;Betaproteobacteria;Burkholderiales;Oxalobacteraceae;Pseudoduganella	0	0	0	0
Bacteria;Proteobacteria;Betaproteobacteria;Burkholderiales;Oxalobacteraceae;uncultured	0	0	0	0
Bacteria;Proteobacteria;Betaproteobacteria;Burkholderiales;Oxalobacteraceae;Undibacterium	16	0	0	0
Bacteria;Proteobacteria;Betaproteobacteria;Methylophilales;Methylophilaceae;Methylobacillus	0	0	0	0
Bacteria;Proteobacteria;Betaproteobacteria;Methylophilales;Methylophilaceae;Methylophilaceae_unclassified	0	1	0	0
Bacteria;Proteobacteria;Betaproteobacteria;Neisseriales;Neisseriaceae;Neisseria	0	0	0	0
Bacteria;Proteobacteria;Betaproteobacteria;Nitrosomonadales;Nitrosomonadaceae;Nitrosomonas	1	3	0	0
Bacteria;Proteobacteria;Betaproteobacteria;Nitrosomonadales;Nitrosomonadaceae;Nitrosospira	6	48	13	29
Bacteria;Proteobacteria;Betaproteobacteria;Nitrosomonadales;Nitrosomonadaceae;uncultured	181	179	78	133
Bacteria;Proteobacteria;Betaproteobacteria;Procabacteriales;Procabacteriaceae;Procabacter	0	0	0	0
Bacteria;Proteobacteria;Betaproteobacteria;Rhodocyclales;Rhodocyclaceae;Azonexus	5	1	0	2
Bacteria;Proteobacteria;Betaproteobacteria;Rhodocyclales;Rhodocyclaceae;Dechlorobacter	6	0	0	0
Bacteria;Proteobacteria;Betaproteobacteria;Rhodocyclales;Rhodocyclaceae;Denitratisoma	11	0	0	0
Bacteria;Proteobacteria;Betaproteobacteria;Rhodocyclales;Rhodocyclaceae;Quatrionicoccus	0	0	0	0
Bacteria;Proteobacteria;Betaproteobacteria;Rhodocyclales;Rhodocyclaceae;Rhodocyclaceae_unclassified	7961	4731	1339	2083
Bacteria;Proteobacteria;Betaproteobacteria;Rhodocyclales;Rhodocyclaceae;uncultured	18	12	10	10
Bacteria;Proteobacteria;Betaproteobacteria;SC-I-84;SC-I-84_fa;SC-I-84_ge	24	31	23	47
Bacteria;Proteobacteria;Betaproteobacteria;TRA3-20;TRA3-20_fa;TRA3-20_ge	3	10	4	6
Bacteria;Proteobacteria;Deltaproteobacteria;43F-1404R;43F-1404R_fa;43F-1404R_ge	2	11	7	13
Bacteria;Proteobacteria;Deltaproteobacteria;Bdellovibrionales;Bacteriovoracaceae;Bacteriovorax	1	1	2	0
Bacteria;Proteobacteria;Deltaproteobacteria;Bdellovibrionales;Bacteriovoracaceae;Deferrisoma	33	10	6	14
Bacteria;Proteobacteria;Deltaproteobacteria;Bdellovibrionales;Bacteriovoracaceae;Peredibacter	35	17	3	0
Bacteria;Proteobacteria;Deltaproteobacteria;Bdellovibrionales;Bacteriovoracaceae;uncultured	182	196	45	110
Bacteria;Proteobacteria;Deltaproteobacteria;Bdellovibrionales;Bdellovibrionaceae;Bdellovibrio	4	9	0	1
Bacteria;Proteobacteria;Deltaproteobacteria;Bdellovibrionales;Bdellovibrionaceae;OM27_clade	166	84	54	108
Bacteria;Proteobacteria;Deltaproteobacteria;Bradymonadales;Bradymonadales_fa;Bradymonadales_ge	0	0	0	2
Bacteria;Proteobacteria;Deltaproteobacteria;Deltaproteobacteria_Incertae_Sedis;Syntrophorhabdaceae;Syntrophorhabdus	1219	951	516	785
Bacteria;Proteobacteria;Deltaproteobacteria;Deltaproteobacteria_unclassified;Deltaproteobacteria_unclassified;Deltaproteobacteria_unclassified	515	467	170	324
Bacteria;Proteobacteria;Deltaproteobacteria;Desulfarculales;Desulfarculaceae;Desulfatiglans	186	74	44	61
Bacteria;Proteobacteria;Deltaproteobacteria;Desulfarculales;Desulfarculaceae;uncultured	1	1	0	1
Bacteria;Proteobacteria;Deltaproteobacteria;Desulfobacterales;Desulfobacteraceae;Desulfobacteraceae_unclassified	27	11	4	3
Bacteria;Proteobacteria;Deltaproteobacteria;Desulfobacterales;Desulfobacteraceae;Desulfonatronobacter	0	1	0	1
Bacteria;Proteobacteria;Deltaproteobacteria;Desulfobacterales;Desulfobacteraceae;SEEP-SRB1	2	2	1	3
Bacteria;Proteobacteria;Deltaproteobacteria;Desulfobacterales;Desulfobacteraceae;Sva0081_sediment_group	1548	962	177	353
Bacteria;Proteobacteria;Deltaproteobacteria;Desulfobacterales;Desulfobacterales_unclassified;Desulfobacterales_unclassified	0	0	0	0
Bacteria;Proteobacteria;Deltaproteobacteria;Desulfobacterales;Desulfobulbaceae;Desulfobulbaceae_ge	2	0	4	5
Bacteria;Proteobacteria;Deltaproteobacteria;Desulfobacterales;Desulfobulbaceae;Desulfobulbaceae_unclassified	0	1	0	0
Bacteria;Proteobacteria;Deltaproteobacteria;Desulfobacterales;Desulfobulbaceae;Desulfobulbus	1	3	0	0
Bacteria;Proteobacteria;Deltaproteobacteria;Desulfobacterales;Desulfobulbaceae;Desulfopila	0	0	0	0
Bacteria;Proteobacteria;Deltaproteobacteria;Desulfobacterales;Desulfobulbaceae;Desulfoprunum	75	72	35	45
Bacteria;Proteobacteria;Deltaproteobacteria;Desulfovibrionales;Desulfovibrionaceae;Desulfovibrio	2165	1936	276	488
Bacteria;Proteobacteria;Deltaproteobacteria;Desulfovibrionales;Desulfovibrionaceae;Desulfovibrionaceae_unclassified	592	577	86	128
Bacteria;Proteobacteria;Deltaproteobacteria;Desulfovibrionales;Desulfovibrionales_unclassified;Desulfovibrionales_unclassified	200	224	27	56
Bacteria;Proteobacteria;Deltaproteobacteria;Desulfurellales;Desulfurellaceae;G55	9	17	2	1
Bacteria;Proteobacteria;Deltaproteobacteria;Desulfurellales;Desulfurellaceae;H16	90	78	83	173
Bacteria;Proteobacteria;Deltaproteobacteria;Desulfuromonadales;Geobacteraceae;Geoalkalibacter	0	0	0	0
Bacteria;Proteobacteria;Deltaproteobacteria;Desulfuromonadales;Geobacteraceae;Geobacter	3127	2328	1321	2327
Bacteria;Proteobacteria;Deltaproteobacteria;Myxococcales;27F-1492R;27F-1492R_ge	0	0	0	4
Bacteria;Proteobacteria;Deltaproteobacteria;Myxococcales;Archangiaceae;Anaeromyxobacter	1691	1057	905	1641
Bacteria;Proteobacteria;Deltaproteobacteria;Myxococcales;Archangiaceae;Archangiaceae_unclassified	124	63	38	80
Bacteria;Proteobacteria;Deltaproteobacteria;Myxococcales;Archangiaceae;Cystobacter	0	1	2	1
Bacteria;Proteobacteria;Deltaproteobacteria;Myxococcales;Archangiaceae;Stigmatella	0	0	2	0
Bacteria;Proteobacteria;Deltaproteobacteria;Myxococcales;Archangiaceae;uncultured	35	3	2	12
Bacteria;Proteobacteria;Deltaproteobacteria;Myxococcales;bacteriap25;bacteriap25_ge	0	0	0	0
Bacteria;Proteobacteria;Deltaproteobacteria;Myxococcales;BIrii41;BIrii41_ge	451	263	160	252
Bacteria;Proteobacteria;Deltaproteobacteria;Myxococcales;Blfdi19;Blfdi19_ge	26	9	20	18
Bacteria;Proteobacteria;Deltaproteobacteria;Myxococcales;Eel-36e1D6;Eel-36e1D6_ge	0	0	1	0
Bacteria;Proteobacteria;Deltaproteobacteria;Myxococcales;Haliangiaceae;Haliangium	4551	2648	1819	3144
Bacteria;Proteobacteria;Deltaproteobacteria;Myxococcales;KD3-10;KD3-10_ge	2	0	0	8
Bacteria;Proteobacteria;Deltaproteobacteria;Myxococcales;mle1-27;mle1-27_ge	34	106	71	118
Bacteria;Proteobacteria;Deltaproteobacteria;Myxococcales;MSB-4B10;MSB-4B10_ge	68	3	11	13
Bacteria;Proteobacteria;Deltaproteobacteria;Myxococcales;Myxococcaceae;Corallococcus	14	1	1	13
Bacteria;Proteobacteria;Deltaproteobacteria;Myxococcales;Myxococcaceae;Myxococcus	17	41	21	76
Bacteria;Proteobacteria;Deltaproteobacteria;Myxococcales;Myxococcaceae;uncultured	38	14	16	24
Bacteria;Proteobacteria;Deltaproteobacteria;Myxococcales;Myxococcales_fa;Myxococcales_ge	27	0	1	41
Bacteria;Proteobacteria;Deltaproteobacteria;Myxococcales;Myxococcales_unclassified;Myxococcales_unclassified	816	478	360	467
Bacteria;Proteobacteria;Deltaproteobacteria;Myxococcales;Nannocystaceae;Enhygromyxa	0	75	1	5
Bacteria;Proteobacteria;Deltaproteobacteria;Myxococcales;Nannocystaceae;Nannocystis	19	2	16	2
Bacteria;Proteobacteria;Deltaproteobacteria;Myxococcales;Nannocystaceae;uncultured	6	0	0	7
Bacteria;Proteobacteria;Deltaproteobacteria;Myxococcales;P3OB-42;P3OB-42_ge	126	29	21	99
Bacteria;Proteobacteria;Deltaproteobacteria;Myxococcales;Phaselicystidaceae;Phaselicystis	90	73	39	58
Bacteria;Proteobacteria;Deltaproteobacteria;Myxococcales;Polyangiaceae;Aetherobacter	12	56	22	30
Bacteria;Proteobacteria;Deltaproteobacteria;Myxococcales;Polyangiaceae;Labilithrix	0	0	3	10
Bacteria;Proteobacteria;Deltaproteobacteria;Myxococcales;Polyangiaceae;Minicystis	1	12	3	1
Bacteria;Proteobacteria;Deltaproteobacteria;Myxococcales;Polyangiaceae;Polyangiaceae_ge	2	8	8	10
Bacteria;Proteobacteria;Deltaproteobacteria;Myxococcales;Polyangiaceae;Polyangiaceae_unclassified	48	32	62	174
Bacteria;Proteobacteria;Deltaproteobacteria;Myxococcales;Polyangiaceae;Polyangium	13	24	22	51
Bacteria;Proteobacteria;Deltaproteobacteria;Myxococcales;Polyangiaceae;Sorangium	218	152	161	224
Bacteria;Proteobacteria;Deltaproteobacteria;Myxococcales;Polyangiaceae;uncultured	2	34	2	12
Bacteria;Proteobacteria;Deltaproteobacteria;Myxococcales;PS-B29;PS-B29_ge	141	57	99	65
Bacteria;Proteobacteria;Deltaproteobacteria;Myxococcales;Sandaracinaceae;Sandaracinaceae_ge	1	0	0	0
Bacteria;Proteobacteria;Deltaproteobacteria;Myxococcales;Sandaracinaceae;Sandaracinaceae_unclassified	0	0	1	0
Bacteria;Proteobacteria;Deltaproteobacteria;Myxococcales;Sandaracinaceae;Sandaracinus	2	2	6	21
Bacteria;Proteobacteria;Deltaproteobacteria;Myxococcales;Sandaracinaceae;uncultured	62	37	51	45
Bacteria;Proteobacteria;Deltaproteobacteria;Myxococcales;UASB-TL25;UASB-TL25_ge	26	12	9	4
Bacteria;Proteobacteria;Deltaproteobacteria;Myxococcales;uncultured;uncultured_ge	604	446	287	549
Bacteria;Proteobacteria;Deltaproteobacteria;Myxococcales;VHS-B3-70;VHS-B3-70_ge	78	20	22	30
Bacteria;Proteobacteria;Deltaproteobacteria;Myxococcales;VHS-B4-70;VHS-B4-70_ge	1	0	6	2
Bacteria;Proteobacteria;Deltaproteobacteria;Myxococcales;Vulgatibacteraceae;Vulgatibacter	284	258	185	308
Bacteria;Proteobacteria;Deltaproteobacteria;NB1-j;NB1-j_fa;NB1-j_ge	7	0	1	11
Bacteria;Proteobacteria;Deltaproteobacteria;Oligoflexales;0319-6G20;0319-6G20_ge	324	84	70	57
Bacteria;Proteobacteria;Deltaproteobacteria;Oligoflexales;053A03-B-DI-P58;053A03-B-DI-P58_ge	40	10	28	42
Bacteria;Proteobacteria;Deltaproteobacteria;Oligoflexales;Oligoflexaceae;Oligoflexaceae_ge	126	88	44	81
Bacteria;Proteobacteria;Deltaproteobacteria;Oligoflexales;Oligoflexaceae;Oligoflexaceae_unclassified	0	0	0	0
Bacteria;Proteobacteria;Deltaproteobacteria;Oligoflexales;Oligoflexaceae;Oligoflexus	24	27	11	12
Bacteria;Proteobacteria;Deltaproteobacteria;Oligoflexales;Oligoflexales_unclassified;Oligoflexales_unclassified	0	0	0	0
Bacteria;Proteobacteria;Deltaproteobacteria;SAR324_clade(Marine_group_B);SAR324_clade(Marine_group_B)_fa;SAR324_clade(Marine_group_B)_ge	9	0	0	0
Bacteria;Proteobacteria;Deltaproteobacteria;Sva0485;Sva0485_fa;Sva0485_ge	17	41	35	31
Bacteria;Proteobacteria;Deltaproteobacteria;Syntrophobacterales;Syntrophaceae;Desulfobacca	1485	898	224	340
Bacteria;Proteobacteria;Deltaproteobacteria;Syntrophobacterales;Syntrophaceae;Desulfomonile	7	8	10	4
Bacteria;Proteobacteria;Deltaproteobacteria;Syntrophobacterales;Syntrophaceae;Smithella	649	371	181	250
Bacteria;Proteobacteria;Deltaproteobacteria;Syntrophobacterales;Syntrophaceae;Syntrophaceae_unclassified	9	6	7	6
Bacteria;Proteobacteria;Deltaproteobacteria;Syntrophobacterales;Syntrophaceae;Syntrophus	189	114	34	49
Bacteria;Proteobacteria;Deltaproteobacteria;Syntrophobacterales;Syntrophaceae;uncultured	143	77	40	92
Bacteria;Proteobacteria;Deltaproteobacteria;Syntrophobacterales;Syntrophobacteraceae;Desulfacinum	58	69	7	11
Bacteria;Proteobacteria;Deltaproteobacteria;Syntrophobacterales;Syntrophobacteraceae;Desulforhabdus	376	93	46	75
Bacteria;Proteobacteria;Deltaproteobacteria;Syntrophobacterales;Syntrophobacteraceae;Desulfovirga	3241	2045	534	741
Bacteria;Proteobacteria;Deltaproteobacteria;Syntrophobacterales;Syntrophobacteraceae;Syntrophobacter	9674	7664	1130	1896
Bacteria;Proteobacteria;Deltaproteobacteria;Syntrophobacterales;Syntrophobacteraceae;Syntrophobacteraceae_unclassified	5058	3509	852	1330
Bacteria;Proteobacteria;Deltaproteobacteria;Syntrophobacterales;Syntrophobacteraceae;uncultured	65	32	11	27
Bacteria;Proteobacteria;Epsilonproteobacteria;Campylobacterales;Campylobacteraceae;Campylobacter	0	0	0	0
Bacteria;Proteobacteria;Gammaproteobacteria;Acidiferrobacterales;Acidiferrobacteraceae;Sulfurifustis	0	0	0	0
Bacteria;Proteobacteria;Gammaproteobacteria;Aeromonadales;Aeromonadaceae;Aeromonas	0	0	0	0
Bacteria;Proteobacteria;Gammaproteobacteria;Alteromonadales;Pseudoalteromonadaceae;Pseudoalteromonas	0	1	0	0
Bacteria;Proteobacteria;Gammaproteobacteria;Chromatiales;Chromatiaceae;Chromatiaceae_unclassified	0	0	0	0
Bacteria;Proteobacteria;Gammaproteobacteria;Chromatiales;Chromatiaceae;Rheinheimera	0	0	0	0
Bacteria;Proteobacteria;Gammaproteobacteria;Chromatiales;Chromatiaceae;uncultured	0	0	0	0
Bacteria;Proteobacteria;Gammaproteobacteria;Chromatiales;Chromatiales_unclassified;Chromatiales_unclassified	0	0	0	0
Bacteria;Proteobacteria;Gammaproteobacteria;Chromatiales;Ectothiorhodospiraceae;Thioalkalispira	1	1	10	0
Bacteria;Proteobacteria;Gammaproteobacteria;Enterobacteriales;Enterobacteriaceae;Enterobacteriaceae_unclassified	0	0	0	0
Bacteria;Proteobacteria;Gammaproteobacteria;Enterobacteriales;Enterobacteriaceae;Escherichia-Shigella	18	13	7	6
Bacteria;Proteobacteria;Gammaproteobacteria;Enterobacteriales;Enterobacteriaceae;Yersinia	0	2	0	5
Bacteria;Proteobacteria;Gammaproteobacteria;Gammaproteobacteria_unclassified;Gammaproteobacteria_unclassified;Gammaproteobacteria_unclassified	134	138	34	39
Bacteria;Proteobacteria;Gammaproteobacteria;HOC36;HOC36_fa;HOC36_ge	142	55	22	14
Bacteria;Proteobacteria;Gammaproteobacteria;HTA4;HTA4_fa;HTA4_ge	6	3	3	1
Bacteria;Proteobacteria;Gammaproteobacteria;KI89A_clade;KI89A_clade_fa;KI89A_clade_ge	0	4	1	2
Bacteria;Proteobacteria;Gammaproteobacteria;Legionellales;Coxiellaceae;Aquicella	0	0	0	0
Bacteria;Proteobacteria;Gammaproteobacteria;Legionellales;Coxiellaceae;Coxiella	7	20	2	5
Bacteria;Proteobacteria;Gammaproteobacteria;Legionellales;Coxiellaceae;uncultured	2	0	0	1
Bacteria;Proteobacteria;Gammaproteobacteria;Legionellales;Legionellaceae;Legionella	0	0	0	0
Bacteria;Proteobacteria;Gammaproteobacteria;Methylococcales;Crenotrichaceae;Crenothrix	0	0	0	0
Bacteria;Proteobacteria;Gammaproteobacteria;Methylococcales;Methylococcaceae;Methylobacter	25	35	17	19
Bacteria;Proteobacteria;Gammaproteobacteria;Methylococcales;Methylococcaceae;Methylocaldum	0	1	1	1
Bacteria;Proteobacteria;Gammaproteobacteria;Methylococcales;Methylococcaceae;Methylococcaceae_unclassified	1	0	0	0
Bacteria;Proteobacteria;Gammaproteobacteria;Methylococcales;Methylococcaceae;Methylomicrobium	0	12	11	17
Bacteria;Proteobacteria;Gammaproteobacteria;Methylococcales;Methylococcaceae;Methyloparacoccus	8	14	6	2
Bacteria;Proteobacteria;Gammaproteobacteria;Pasteurellales;Pasteurellaceae;Actinobacillus	0	0	0	0
Bacteria;Proteobacteria;Gammaproteobacteria;Pseudomonadales;Moraxellaceae;Acinetobacter	0	1	0	0
Bacteria;Proteobacteria;Gammaproteobacteria;Pseudomonadales;Moraxellaceae;Alkanindiges	0	0	0	0
Bacteria;Proteobacteria;Gammaproteobacteria;Pseudomonadales;Moraxellaceae;Enhydrobacter	1	0	0	0
Bacteria;Proteobacteria;Gammaproteobacteria;Pseudomonadales;Moraxellaceae;Perlucidibaca	0	0	0	0
Bacteria;Proteobacteria;Gammaproteobacteria;Pseudomonadales;Moraxellaceae;Psychrobacter	0	0	0	0
Bacteria;Proteobacteria;Gammaproteobacteria;Pseudomonadales;Moraxellaceae;uncultured	0	0	0	0
Bacteria;Proteobacteria;Gammaproteobacteria;Pseudomonadales;Pseudomonadaceae;Azotobacter	9	2	5	3
Bacteria;Proteobacteria;Gammaproteobacteria;Pseudomonadales;Pseudomonadaceae;Pseudomonas	85	67	21	57
Bacteria;Proteobacteria;Gammaproteobacteria;uncultured;uncultured_fa;uncultured_ge	0	0	0	0
Bacteria;Proteobacteria;Gammaproteobacteria;Vibrionales;Vibrionaceae;Vibrio	0	0	0	0
Bacteria;Proteobacteria;Gammaproteobacteria;WN-HWB-116;WN-HWB-116_fa;WN-HWB-116_ge	0	0	0	0
Bacteria;Proteobacteria;Gammaproteobacteria;X35;X35_fa;X35_ge	7	0	0	0
Bacteria;Proteobacteria;Gammaproteobacteria;Xanthomonadales;Nevskiaceae;Nevskia	0	0	1	0
Bacteria;Proteobacteria;Gammaproteobacteria;Xanthomonadales;uncultured;uncultured_ge	24	5	12	6
Bacteria;Proteobacteria;Gammaproteobacteria;Xanthomonadales;Xanthomonadaceae;Arenimonas	0	6	0	1
Bacteria;Proteobacteria;Gammaproteobacteria;Xanthomonadales;Xanthomonadaceae;Dokdonella	0	0	5	2
Bacteria;Proteobacteria;Gammaproteobacteria;Xanthomonadales;Xanthomonadaceae;Frateuria	0	0	0	0
Bacteria;Proteobacteria;Gammaproteobacteria;Xanthomonadales;Xanthomonadaceae;Luteimonas	31	5	20	30
Bacteria;Proteobacteria;Gammaproteobacteria;Xanthomonadales;Xanthomonadaceae;Lysobacter	1	0	0	0
Bacteria;Proteobacteria;Gammaproteobacteria;Xanthomonadales;Xanthomonadaceae;Pseudoxanthomonas	0	0	0	0
Bacteria;Proteobacteria;Gammaproteobacteria;Xanthomonadales;Xanthomonadaceae;Rhodanobacter	1	0	0	0
Bacteria;Proteobacteria;Gammaproteobacteria;Xanthomonadales;Xanthomonadaceae;Thermomonas	0	0	0	0
Bacteria;Proteobacteria;Gammaproteobacteria;Xanthomonadales;Xanthomonadaceae;Xanthomonadaceae_ge	0	0	0	0
Bacteria;Proteobacteria;Gammaproteobacteria;Xanthomonadales;Xanthomonadaceae;Xanthomonas	0	0	0	0
Bacteria;Proteobacteria;Gammaproteobacteria;Xanthomonadales;Xanthomonadales_Incertae_Sedis;Acidibacter	2	11	4	19
Bacteria;Proteobacteria;Gammaproteobacteria;Xanthomonadales;Xanthomonadales_Incertae_Sedis;Steroidobacter	0	4	0	0
Bacteria;Proteobacteria;Gammaproteobacteria;Xanthomonadales;Xanthomonadales_Incertae_Sedis;uncultured	21	1	2	0
Bacteria;Proteobacteria;Proteobacteria_unclassified;Proteobacteria_unclassified;Proteobacteria_unclassified;Proteobacteria_unclassified	48	75	15	50
Bacteria;Proteobacteria;SPOTSOCT00m83;SPOTSOCT00m83_or;SPOTSOCT00m83_fa;SPOTSOCT00m83_ge	0	0	0	0
Bacteria;RBG-1_(Zixibacteria);RBG-1_(Zixibacteria)_cl;RBG-1_(Zixibacteria)_or;RBG-1_(Zixibacteria)_fa;RBG-1_(Zixibacteria)_ge	26	3	1	0
Bacteria;Saccharibacteria;Saccharibacteria_cl;Saccharibacteria_or;Saccharibacteria_fa;Saccharibacteria_ge	0	0	0	0
Bacteria;SBR1093;SBR1093_cl;SBR1093_or;SBR1093_fa;SBR1093_ge	0	0	0	0
Bacteria;Spirochaetae;Spirochaetes;Spirochaetales;Brevinemataceae;Brevinema	0	0	0	0
Bacteria;Spirochaetae;Spirochaetes;Spirochaetales;Leptospiraceae;uncultured	62	2	3	2
Bacteria;Spirochaetae;Spirochaetes;Spirochaetales;Spirochaetaceae;M2PT2-76_termite_group	0	1	2	0
Bacteria;Spirochaetae;Spirochaetes;Spirochaetales;Spirochaetaceae;Spirochaeta_2	837	408	161	173
Bacteria;Spirochaetae;Spirochaetes;Spirochaetales;Spirochaetaceae;Spirochaetaceae_unclassified	71	49	23	13
Bacteria;Tectomicrobia;Tectomicrobia_cl;Tectomicrobia_or;Tectomicrobia_fa;Tectomicrobia_ge	11	19	1	6
Bacteria;Tenericutes;Mollicutes;Haloplasmatales;Haloplasmataceae;Haloplasma	6	0	1	2
Bacteria;Tenericutes;Mollicutes;Mollicutes_RF9;Mollicutes_RF9_fa;Mollicutes_RF9_ge	38	2	2	8
Bacteria;Tenericutes;Mollicutes;Mollicutes_unclassified;Mollicutes_unclassified;Mollicutes_unclassified	11	8	0	1
Bacteria;Tenericutes;Mollicutes;NB1-n;NB1-n_fa;NB1-n_ge	0	0	0	0
Bacteria;TM6_(Dependentiae);TM6_(Dependentiae)_cl;TM6_(Dependentiae)_or;TM6_(Dependentiae)_fa;TM6_(Dependentiae)_ge	4	0	0	7
Bacteria;Verrucomicrobia;B29;B29_or;B29_fa;B29_ge	18	0	10	5
Bacteria;Verrucomicrobia;OPB35_soil_group;OPB35_soil_group_or;OPB35_soil_group_fa;OPB35_soil_group_ge	827	459	184	260
Bacteria;Verrucomicrobia;OPB35_soil_group;OPB35_soil_group_unclassified;OPB35_soil_group_unclassified;OPB35_soil_group_unclassified	0	1	0	0
Bacteria;Verrucomicrobia;OPB35_soil_group;Unknown_Order;Unknown_Family;Pedosphaera	0	0	0	0
Bacteria;Verrucomicrobia;Opitutae;Opitutae_unclassified;Opitutae_unclassified;Opitutae_unclassified	0	0	0	0
Bacteria;Verrucomicrobia;Opitutae;Opitutales;Opitutaceae;Opitutus	118	121	48	112
Bacteria;Verrucomicrobia;Opitutae;Puniceicoccales;Puniceicoccaceae;Puniceicoccaceae_unclassified	0	0	0	0
Bacteria;Verrucomicrobia;S-BQ2-57_soil_group;S-BQ2-57_soil_group_or;S-BQ2-57_soil_group_fa;S-BQ2-57_soil_group_ge	0	0	0	0
Bacteria;Verrucomicrobia;Spartobacteria;Chthoniobacterales;Chthoniobacteraceae;Chthoniobacter	48	41	20	11
Bacteria;Verrucomicrobia;Spartobacteria;Chthoniobacterales;Chthoniobacterales_fa;Chthoniobacterales_ge	0	2	1	0
Bacteria;Verrucomicrobia;Spartobacteria;Chthoniobacterales;Chthoniobacterales_unclassified;Chthoniobacterales_unclassified	20	23	8	6
Bacteria;Verrucomicrobia;Spartobacteria;Chthoniobacterales;DA101_soil_group;DA101_soil_group_ge	6	13	10	3
Bacteria;Verrucomicrobia;Spartobacteria;Chthoniobacterales;LD29;LD29_ge	59	8	7	4
Bacteria;Verrucomicrobia;Spartobacteria;Chthoniobacterales;Xiphinematobacteraceae;Candidatus_Xiphinematobacter	1	5	6	0
Bacteria;Verrucomicrobia;Verrucomicrobia_Incertae_Sedis;Unknown_Order;Unknown_Family;Candidatus_Methylacidiphilum	0	0	0	0
Bacteria;Verrucomicrobia;Verrucomicrobia_unclassified;Verrucomicrobia_unclassified;Verrucomicrobia_unclassified;Verrucomicrobia_unclassified	0	0	1	0
Bacteria;Verrucomicrobia;Verrucomicrobiae;Verrucomicrobiales;DEV007;DEV007_ge	0	0	1	0
Bacteria;Verrucomicrobia;Verrucomicrobiae;Verrucomicrobiales;Verrucomicrobiaceae;Luteolibacter	4	0	0	0
Bacteria;Verrucomicrobia;Verrucomicrobiae;Verrucomicrobiales;Verrucomicrobiaceae;Verrucomicrobiaceae_unclassified	0	0	0	0
Bacteria;Verrucomicrobia;Verrucomicrobiae;Verrucomicrobiales;Verrucomicrobiaceae;Verrucomicrobium	0	0	0	0
Bacteria;Verrucomicrobia;WCHB1-41;WCHB1-41_or;WCHB1-41_fa;WCHB1-41_ge	33	8	4	1
Bacteria;WS1;WS1_cl;WS1_or;WS1_fa;WS1_ge	43	51	25	76
Bacteria;WS2;WS2_cl;WS2_or;WS2_fa;WS2_ge	1	1	1	0
